url,label
https://microsoft.com/index.html,benign
https://dropbox.com/index.html,benign
https://tripadvisor.com/index.html,benign
https://stackoverflow.com/index.html,benign
https://youtube.com/index.html,benign
https://apple.com/index.html,benign
https://salesforce.com/index.html,benign
https://nytimes.com/index.html,benign
https://twitter.com/index.html,benign
https://twitter.com/index.html,benign
https://instagram.com/index.html,benign
https://amazon.com/index.html,benign
https://reddit.com/index.html,benign
https://microsoft.com/index.html,benign
https://ebay.com/index.html,benign
https://ebay.com/index.html,benign
https://instagram.com/index.html,benign
https://reddit.com/index.html,benign
https://wikipedia.org/index.html,benign
https://netflix.com/index.html,benign
https://netflix.com/index.html,benign
https://linkedin.com/index.html,benign
https://yahoo.com/index.html,benign
https://craigslist.org/index.html,benign
https://youtube.com/index.html,benign
https://imdb.com/index.html,benign
https://ebay.com/index.html,benign
https://nytimes.com/index.html,benign
https://twitter.com/index.html,benign
https://weather.com/index.html,benign
https://amazon.com/index.html,benign
https://slack.com/index.html,benign
https://medium.com/index.html,benign
https://netflix.com/index.html,benign
https://nytimes.com/index.html,benign
https://ebay.com/index.html,benign
https://imdb.com/index.html,benign
https://nytimes.com/index.html,benign
https://amazon.com/index.html,benign
https://linkedin.com/index.html,benign
https://cnn.com/index.html,benign
https://reddit.com/index.html,benign
https://microsoft.com/index.html,benign
https://github.com/index.html,benign
https://dropbox.com/index.html,benign
https://yahoo.com/index.html,benign
https://instagram.com/index.html,benign
https://reddit.com/index.html,benign
https://linkedin.com/index.html,benign
https://craigslist.org/index.html,benign
https://salesforce.com/index.html,benign
https://github.com/index.html,benign
https://wikipedia.org/index.html,benign
https://linkedin.com/index.html,benign
https://cnn.com/index.html,benign
https://yahoo.com/index.html,benign
https://amazon.com/index.html,benign
https://weather.com/index.html,benign
https://medium.com/index.html,benign
https://craigslist.org/index.html,benign
https://instagram.com/index.html,benign
https://stackoverflow.com/index.html,benign
https://quora.com/index.html,benign
https://microsoft.com/index.html,benign
https://craigslist.org/index.html,benign
https://reddit.com/index.html,benign
https://slack.com/index.html,benign
https://github.com/index.html,benign
https://tripadvisor.com/index.html,benign
https://youtube.com/index.html,benign
https://spotify.com/index.html,benign
https://instagram.com/index.html,benign
https://netflix.com/index.html,benign
https://pinterest.com/index.html,benign
https://dropbox.com/index.html,benign
https://apple.com/index.html,benign
https://dropbox.com/index.html,benign
https://linkedin.com/index.html,benign
https://cnn.com/index.html,benign
https://amazon.com/index.html,benign
https://quora.com/index.html,benign
https://quora.com/index.html,benign
https://imdb.com/index.html,benign
https://linkedin.com/index.html,benign
https://linkedin.com/index.html,benign
https://craigslist.org/index.html,benign
https://quora.com/index.html,benign
https://zoom.us/index.html,benign
https://twitter.com/index.html,benign
https://nytimes.com/index.html,benign
https://salesforce.com/index.html,benign
https://tripadvisor.com/index.html,benign
https://tripadvisor.com/index.html,benign
https://craigslist.org/index.html,benign
https://imdb.com/index.html,benign
https://stackoverflow.com/index.html,benign
https://ebay.com/index.html,benign
https://twitter.com/index.html,benign
https://youtube.com/index.html,benign
https://github.com/index.html,benign
https://weather.com/index.html,benign
https://zoom.us/index.html,benign
https://spotify.com/index.html,benign
https://twitter.com/index.html,benign
https://salesforce.com/index.html,benign
https://microsoft.com/index.html,benign
https://craigslist.org/index.html,benign
https://youtube.com/index.html,benign
https://linkedin.com/index.html,benign
https://youtube.com/index.html,benign
https://youtube.com/index.html,benign
https://nytimes.com/index.html,benign
https://weather.com/index.html,benign
https://wikipedia.org/index.html,benign
https://cnn.com/index.html,benign
https://github.com/index.html,benign
https://stackoverflow.com/index.html,benign
https://tripadvisor.com/index.html,benign
https://quora.com/index.html,benign
https://ebay.com/index.html,benign
https://amazon.com/index.html,benign
https://salesforce.com/index.html,benign
https://ebay.com/index.html,benign
https://linkedin.com/index.html,benign
https://amazon.com/index.html,benign
https://craigslist.org/index.html,benign
https://google.com/index.html,benign
https://apple.com/index.html,benign
https://zoom.us/index.html,benign
https://yahoo.com/index.html,benign
https://youtube.com/index.html,benign
https://dropbox.com/index.html,benign
https://slack.com/index.html,benign
https://wikipedia.org/index.html,benign
https://zoom.us/index.html,benign
https://stackoverflow.com/index.html,benign
https://amazon.com/index.html,benign
https://slack.com/index.html,benign
https://salesforce.com/index.html,benign
https://quora.com/index.html,benign
https://nytimes.com/index.html,benign
https://quora.com/index.html,benign
https://wikipedia.org/index.html,benign
https://tripadvisor.com/index.html,benign
https://weather.com/index.html,benign
https://microsoft.com/index.html,benign
https://imdb.com/index.html,benign
https://tripadvisor.com/index.html,benign
https://ebay.com/index.html,benign
https://salesforce.com/index.html,benign
https://weather.com/index.html,benign
https://youtube.com/index.html,benign
https://imdb.com/index.html,benign
https://spotify.com/index.html,benign
https://quora.com/index.html,benign
https://spotify.com/index.html,benign
https://cnn.com/index.html,benign
https://bbc.com/index.html,benign
https://google.com/index.html,benign
https://ebay.com/index.html,benign
https://stackoverflow.com/index.html,benign
https://craigslist.org/index.html,benign
https://imdb.com/index.html,benign
https://craigslist.org/index.html,benign
https://google.com/index.html,benign
https://medium.com/index.html,benign
https://reddit.com/index.html,benign
https://github.com/index.html,benign
https://amazon.com/index.html,benign
https://netflix.com/index.html,benign
https://github.com/index.html,benign
https://wikipedia.org/index.html,benign
https://wikipedia.org/index.html,benign
https://weather.com/index.html,benign
https://apple.com/index.html,benign
https://instagram.com/index.html,benign
https://netflix.com/index.html,benign
https://nytimes.com/index.html,benign
https://yahoo.com/index.html,benign
https://nytimes.com/index.html,benign
https://cnn.com/index.html,benign
https://netflix.com/index.html,benign
https://linkedin.com/index.html,benign
https://imdb.com/index.html,benign
https://bbc.com/index.html,benign
https://tripadvisor.com/index.html,benign
https://craigslist.org/index.html,benign
https://netflix.com/index.html,benign
https://microsoft.com/index.html,benign
https://yahoo.com/index.html,benign
https://zoom.us/index.html,benign
https://youtube.com/index.html,benign
https://reddit.com/index.html,benign
https://youtube.com/index.html,benign
https://youtube.com/index.html,benign
https://dropbox.com/index.html,benign
https://youtube.com/index.html,benign
https://ebay.com/index.html,benign
https://netflix.com/index.html,benign
https://imdb.com/index.html,benign
https://quora.com/index.html,benign
https://weather.com/index.html,benign
https://youtube.com/index.html,benign
https://slack.com/index.html,benign
https://twitter.com/index.html,benign
https://apple.com/index.html,benign
https://github.com/index.html,benign
https://github.com/index.html,benign
https://slack.com/index.html,benign
https://medium.com/index.html,benign
https://twitter.com/index.html,benign
https://github.com/index.html,benign
https://medium.com/index.html,benign
https://tripadvisor.com/index.html,benign
https://yahoo.com/index.html,benign
https://salesforce.com/index.html,benign
https://github.com/index.html,benign
https://yahoo.com/index.html,benign
https://bbc.com/index.html,benign
https://youtube.com/index.html,benign
https://quora.com/index.html,benign
https://zoom.us/index.html,benign
https://tripadvisor.com/index.html,benign
https://youtube.com/index.html,benign
https://cnn.com/index.html,benign
https://salesforce.com/index.html,benign
https://microsoft.com/index.html,benign
https://youtube.com/index.html,benign
https://microsoft.com/index.html,benign
https://amazon.com/index.html,benign
https://wikipedia.org/index.html,benign
https://weather.com/index.html,benign
https://cnn.com/index.html,benign
https://bbc.com/index.html,benign
https://pinterest.com/index.html,benign
https://quora.com/index.html,benign
https://tripadvisor.com/index.html,benign
https://instagram.com/index.html,benign
https://reddit.com/index.html,benign
https://spotify.com/index.html,benign
https://instagram.com/index.html,benign
https://bbc.com/index.html,benign
https://medium.com/index.html,benign
https://youtube.com/index.html,benign
https://apple.com/index.html,benign
https://apple.com/index.html,benign
https://microsoft.com/index.html,benign
https://apple.com/index.html,benign
https://cnn.com/index.html,benign
https://stackoverflow.com/index.html,benign
https://weather.com/index.html,benign
https://google.com/index.html,benign
https://github.com/index.html,benign
https://github.com/index.html,benign
https://yahoo.com/index.html,benign
https://nytimes.com/index.html,benign
https://imdb.com/index.html,benign
https://linkedin.com/index.html,benign
https://instagram.com/index.html,benign
https://dropbox.com/index.html,benign
https://imdb.com/index.html,benign
https://github.com/index.html,benign
https://medium.com/index.html,benign
https://quora.com/index.html,benign
https://spotify.com/index.html,benign
https://microsoft.com/index.html,benign
https://amazon.com/index.html,benign
https://medium.com/index.html,benign
https://pinterest.com/index.html,benign
https://twitter.com/index.html,benign
https://craigslist.org/index.html,benign
https://dropbox.com/index.html,benign
https://craigslist.org/index.html,benign
https://yahoo.com/index.html,benign
https://spotify.com/index.html,benign
https://twitter.com/index.html,benign
https://linkedin.com/index.html,benign
https://tripadvisor.com/index.html,benign
https://salesforce.com/index.html,benign
https://netflix.com/index.html,benign
https://apple.com/index.html,benign
https://slack.com/index.html,benign
https://google.com/index.html,benign
https://github.com/index.html,benign
https://yahoo.com/index.html,benign
https://pinterest.com/index.html,benign
https://youtube.com/index.html,benign
https://apple.com/index.html,benign
https://tripadvisor.com/index.html,benign
https://quora.com/index.html,benign
https://linkedin.com/index.html,benign
https://instagram.com/index.html,benign
https://zoom.us/index.html,benign
https://reddit.com/index.html,benign
https://stackoverflow.com/index.html,benign
https://salesforce.com/index.html,benign
https://imdb.com/index.html,benign
https://imdb.com/index.html,benign
https://medium.com/index.html,benign
https://apple.com/index.html,benign
https://craigslist.org/index.html,benign
https://zoom.us/index.html,benign
https://nytimes.com/index.html,benign
https://youtube.com/index.html,benign
https://reddit.com/index.html,benign
https://apple.com/index.html,benign
https://google.com/index.html,benign
https://wikipedia.org/index.html,benign
https://nytimes.com/index.html,benign
https://dropbox.com/index.html,benign
https://amazon.com/index.html,benign
https://github.com/index.html,benign
https://weather.com/index.html,benign
https://pinterest.com/index.html,benign
https://instagram.com/index.html,benign
https://ebay.com/index.html,benign
https://weather.com/index.html,benign
https://weather.com/index.html,benign
https://microsoft.com/index.html,benign
https://pinterest.com/index.html,benign
https://github.com/index.html,benign
https://imdb.com/index.html,benign
https://google.com/index.html,benign
https://instagram.com/index.html,benign
https://quora.com/index.html,benign
https://twitter.com/index.html,benign
https://salesforce.com/index.html,benign
https://stackoverflow.com/index.html,benign
https://quora.com/index.html,benign
https://craigslist.org/index.html,benign
https://cnn.com/index.html,benign
https://ebay.com/index.html,benign
https://bbc.com/index.html,benign
https://apple.com/index.html,benign
https://amazon.com/index.html,benign
https://tripadvisor.com/index.html,benign
https://pinterest.com/index.html,benign
https://twitter.com/index.html,benign
https://linkedin.com/index.html,benign
https://google.com/index.html,benign
https://tripadvisor.com/index.html,benign
https://dropbox.com/index.html,benign
https://google.com/index.html,benign
https://weather.com/index.html,benign
https://slack.com/index.html,benign
https://amazon.com/index.html,benign
https://apple.com/index.html,benign
https://spotify.com/index.html,benign
https://netflix.com/index.html,benign
https://wikipedia.org/index.html,benign
https://linkedin.com/index.html,benign
https://imdb.com/index.html,benign
https://cnn.com/index.html,benign
https://instagram.com/index.html,benign
https://spotify.com/index.html,benign
https://spotify.com/index.html,benign
https://ebay.com/index.html,benign
https://pinterest.com/index.html,benign
https://zoom.us/index.html,benign
https://reddit.com/index.html,benign
https://salesforce.com/index.html,benign
https://microsoft.com/index.html,benign
https://microsoft.com/index.html,benign
https://pinterest.com/index.html,benign
https://microsoft.com/index.html,benign
https://netflix.com/index.html,benign
https://nytimes.com/index.html,benign
https://amazon.com/index.html,benign
https://youtube.com/index.html,benign
https://apple.com/index.html,benign
https://quora.com/index.html,benign
https://wikipedia.org/index.html,benign
https://quora.com/index.html,benign
https://spotify.com/index.html,benign
https://yahoo.com/index.html,benign
https://salesforce.com/index.html,benign
https://apple.com/index.html,benign
https://craigslist.org/index.html,benign
https://reddit.com/index.html,benign
https://linkedin.com/index.html,benign
https://github.com/index.html,benign
https://imdb.com/index.html,benign
https://spotify.com/index.html,benign
https://weather.com/index.html,benign
https://quora.com/index.html,benign
https://netflix.com/index.html,benign
https://apple.com/index.html,benign
https://weather.com/index.html,benign
https://youtube.com/index.html,benign
https://youtube.com/index.html,benign
https://nytimes.com/index.html,benign
https://bbc.com/index.html,benign
https://weather.com/index.html,benign
https://twitter.com/index.html,benign
https://netflix.com/index.html,benign
https://spotify.com/index.html,benign
https://tripadvisor.com/index.html,benign
https://yahoo.com/index.html,benign
https://youtube.com/index.html,benign
https://nytimes.com/index.html,benign
https://microsoft.com/index.html,benign
https://imdb.com/index.html,benign
https://tripadvisor.com/index.html,benign
https://netflix.com/index.html,benign
https://netflix.com/index.html,benign
https://instagram.com/index.html,benign
https://google.com/index.html,benign
https://ebay.com/index.html,benign
https://zoom.us/index.html,benign
https://google.com/index.html,benign
https://twitter.com/index.html,benign
https://salesforce.com/index.html,benign
https://linkedin.com/index.html,benign
https://wikipedia.org/index.html,benign
https://netflix.com/index.html,benign
https://weather.com/index.html,benign
https://salesforce.com/index.html,benign
https://slack.com/index.html,benign
https://ebay.com/index.html,benign
https://medium.com/index.html,benign
https://instagram.com/index.html,benign
https://quora.com/index.html,benign
https://amazon.com/index.html,benign
https://tripadvisor.com/index.html,benign
https://dropbox.com/index.html,benign
https://instagram.com/index.html,benign
https://github.com/index.html,benign
https://linkedin.com/index.html,benign
https://salesforce.com/index.html,benign
https://cnn.com/index.html,benign
https://bbc.com/index.html,benign
https://salesforce.com/index.html,benign
https://netflix.com/index.html,benign
https://apple.com/index.html,benign
https://stackoverflow.com/index.html,benign
https://instagram.com/index.html,benign
https://cnn.com/index.html,benign
https://yahoo.com/index.html,benign
https://spotify.com/index.html,benign
https://apple.com/index.html,benign
https://nytimes.com/index.html,benign
https://imdb.com/index.html,benign
https://cnn.com/index.html,benign
https://cnn.com/index.html,benign
https://apple.com/index.html,benign
https://pinterest.com/index.html,benign
https://medium.com/index.html,benign
https://slack.com/index.html,benign
https://google.com/index.html,benign
https://pinterest.com/index.html,benign
https://craigslist.org/index.html,benign
https://youtube.com/index.html,benign
https://youtube.com/index.html,benign
https://reddit.com/index.html,benign
https://zoom.us/index.html,benign
https://bbc.com/index.html,benign
https://medium.com/index.html,benign
https://dropbox.com/index.html,benign
https://tripadvisor.com/index.html,benign
https://quora.com/index.html,benign
https://youtube.com/index.html,benign
https://apple.com/index.html,benign
https://cnn.com/index.html,benign
https://instagram.com/index.html,benign
https://stackoverflow.com/index.html,benign
https://dropbox.com/index.html,benign
https://medium.com/index.html,benign
https://github.com/index.html,benign
https://zoom.us/index.html,benign
https://twitter.com/index.html,benign
https://weather.com/index.html,benign
https://nytimes.com/index.html,benign
https://apple.com/index.html,benign
https://wikipedia.org/index.html,benign
https://salesforce.com/index.html,benign
https://weather.com/index.html,benign
https://slack.com/index.html,benign
https://slack.com/index.html,benign
https://salesforce.com/index.html,benign
https://netflix.com/index.html,benign
https://craigslist.org/index.html,benign
https://slack.com/index.html,benign
https://quora.com/index.html,benign
https://netflix.com/index.html,benign
https://microsoft.com/index.html,benign
https://stackoverflow.com/index.html,benign
https://slack.com/index.html,benign
https://pinterest.com/index.html,benign
https://google.com/index.html,benign
https://amazon.com/index.html,benign
https://twitter.com/index.html,benign
https://linkedin.com/index.html,benign
https://microsoft.com/index.html,benign
https://nytimes.com/index.html,benign
https://tripadvisor.com/index.html,benign
https://zoom.us/index.html,benign
https://zoom.us/index.html,benign
https://instagram.com/index.html,benign
https://dropbox.com/index.html,benign
https://reddit.com/index.html,benign
https://reddit.com/index.html,benign
https://google.com/index.html,benign
https://imdb.com/index.html,benign
https://pinterest.com/index.html,benign
https://ebay.com/index.html,benign
https://apple.com/index.html,benign
https://stackoverflow.com/index.html,benign
https://cnn.com/index.html,benign
https://microsoft.com/index.html,benign
https://stackoverflow.com/index.html,benign
https://linkedin.com/index.html,benign
https://dropbox.com/index.html,benign
https://netflix.com/index.html,benign
https://amazon.com/index.html,benign
https://youtube.com/index.html,benign
https://slack.com/index.html,benign
https://stackoverflow.com/index.html,benign
https://reddit.com/index.html,benign
https://slack.com/index.html,benign
https://google.com/index.html,benign
https://microsoft.com/index.html,benign
https://quora.com/index.html,benign
https://medium.com/index.html,benign
https://amazon.com/index.html,benign
https://github.com/index.html,benign
https://google.com/index.html,benign
https://microsoft.com/index.html,benign
https://quora.com/index.html,benign
https://apple.com/index.html,benign
https://linkedin.com/index.html,benign
https://google.com/index.html,benign
https://weather.com/index.html,benign
https://google.com/index.html,benign
https://imdb.com/index.html,benign
https://imdb.com/index.html,benign
https://netflix.com/index.html,benign
https://slack.com/index.html,benign
https://reddit.com/index.html,benign
https://github.com/index.html,benign
https://stackoverflow.com/index.html,benign
https://imdb.com/index.html,benign
https://dropbox.com/index.html,benign
https://yahoo.com/index.html,benign
https://bbc.com/index.html,benign
https://stackoverflow.com/index.html,benign
https://craigslist.org/index.html,benign
https://medium.com/index.html,benign
https://netflix.com/index.html,benign
https://quora.com/index.html,benign
https://salesforce.com/index.html,benign
https://medium.com/index.html,benign
https://instagram.com/index.html,benign
https://salesforce.com/index.html,benign
https://google.com/index.html,benign
https://youtube.com/index.html,benign
https://salesforce.com/index.html,benign
https://wikipedia.org/index.html,benign
https://tripadvisor.com/index.html,benign
https://tripadvisor.com/index.html,benign
https://wikipedia.org/index.html,benign
https://weather.com/index.html,benign
https://apple.com/index.html,benign
https://dropbox.com/index.html,benign
https://youtube.com/index.html,benign
https://yahoo.com/index.html,benign
https://yahoo.com/index.html,benign
https://stackoverflow.com/index.html,benign
https://linkedin.com/index.html,benign
https://tripadvisor.com/index.html,benign
https://bbc.com/index.html,benign
https://spotify.com/index.html,benign
https://google.com/index.html,benign
https://ebay.com/index.html,benign
https://weather.com/index.html,benign
https://stackoverflow.com/index.html,benign
https://nytimes.com/index.html,benign
https://amazon.com/index.html,benign
https://craigslist.org/index.html,benign
https://ebay.com/index.html,benign
https://weather.com/index.html,benign
https://salesforce.com/index.html,benign
https://stackoverflow.com/index.html,benign
https://amazon.com/index.html,benign
https://linkedin.com/index.html,benign
https://weather.com/index.html,benign
https://tripadvisor.com/index.html,benign
https://spotify.com/index.html,benign
https://imdb.com/index.html,benign
https://salesforce.com/index.html,benign
https://apple.com/index.html,benign
https://netflix.com/index.html,benign
https://reddit.com/index.html,benign
https://dropbox.com/index.html,benign
https://amazon.com/index.html,benign
https://pinterest.com/index.html,benign
https://salesforce.com/index.html,benign
https://stackoverflow.com/index.html,benign
https://wikipedia.org/index.html,benign
https://imdb.com/index.html,benign
https://slack.com/index.html,benign
https://youtube.com/index.html,benign
https://ebay.com/index.html,benign
https://github.com/index.html,benign
https://slack.com/index.html,benign
https://slack.com/index.html,benign
https://dropbox.com/index.html,benign
https://cnn.com/index.html,benign
https://quora.com/index.html,benign
https://linkedin.com/index.html,benign
https://apple.com/index.html,benign
https://weather.com/index.html,benign
https://instagram.com/index.html,benign
https://github.com/index.html,benign
https://salesforce.com/index.html,benign
https://ebay.com/index.html,benign
https://instagram.com/index.html,benign
https://amazon.com/index.html,benign
https://tripadvisor.com/index.html,benign
https://wikipedia.org/index.html,benign
https://salesforce.com/index.html,benign
https://github.com/index.html,benign
https://weather.com/index.html,benign
https://dropbox.com/index.html,benign
https://apple.com/index.html,benign
https://netflix.com/index.html,benign
https://ebay.com/index.html,benign
https://amazon.com/index.html,benign
https://yahoo.com/index.html,benign
https://zoom.us/index.html,benign
https://craigslist.org/index.html,benign
https://twitter.com/index.html,benign
https://twitter.com/index.html,benign
https://salesforce.com/index.html,benign
https://nytimes.com/index.html,benign
https://weather.com/index.html,benign
https://instagram.com/index.html,benign
https://quora.com/index.html,benign
https://spotify.com/index.html,benign
https://bbc.com/index.html,benign
https://salesforce.com/index.html,benign
https://cnn.com/index.html,benign
https://microsoft.com/index.html,benign
https://ebay.com/index.html,benign
https://imdb.com/index.html,benign
https://stackoverflow.com/index.html,benign
https://amazon.com/index.html,benign
https://imdb.com/index.html,benign
https://spotify.com/index.html,benign
https://cnn.com/index.html,benign
https://zoom.us/index.html,benign
https://dropbox.com/index.html,benign
https://yahoo.com/index.html,benign
https://nytimes.com/index.html,benign
https://tripadvisor.com/index.html,benign
https://weather.com/index.html,benign
https://nytimes.com/index.html,benign
https://apple.com/index.html,benign
https://bbc.com/index.html,benign
https://stackoverflow.com/index.html,benign
https://ebay.com/index.html,benign
https://youtube.com/index.html,benign
https://zoom.us/index.html,benign
https://nytimes.com/index.html,benign
https://twitter.com/index.html,benign
https://zoom.us/index.html,benign
https://nytimes.com/index.html,benign
https://wikipedia.org/index.html,benign
https://yahoo.com/index.html,benign
https://quora.com/index.html,benign
https://reddit.com/index.html,benign
https://youtube.com/index.html,benign
https://pinterest.com/index.html,benign
https://amazon.com/index.html,benign
https://dropbox.com/index.html,benign
https://weather.com/index.html,benign
https://linkedin.com/index.html,benign
https://weather.com/index.html,benign
https://instagram.com/index.html,benign
https://stackoverflow.com/index.html,benign
https://wikipedia.org/index.html,benign
https://reddit.com/index.html,benign
https://google.com/index.html,benign
https://slack.com/index.html,benign
https://stackoverflow.com/index.html,benign
https://craigslist.org/index.html,benign
https://pinterest.com/index.html,benign
https://craigslist.org/index.html,benign
https://reddit.com/index.html,benign
https://google.com/index.html,benign
https://zoom.us/index.html,benign
https://twitter.com/index.html,benign
https://instagram.com/index.html,benign
https://pinterest.com/index.html,benign
https://yahoo.com/index.html,benign
https://wikipedia.org/index.html,benign
https://amazon.com/index.html,benign
https://reddit.com/index.html,benign
https://netflix.com/index.html,benign
https://quora.com/index.html,benign
https://bbc.com/index.html,benign
https://medium.com/index.html,benign
https://pinterest.com/index.html,benign
https://google.com/index.html,benign
https://cnn.com/index.html,benign
https://weather.com/index.html,benign
https://amazon.com/index.html,benign
https://stackoverflow.com/index.html,benign
https://slack.com/index.html,benign
https://imdb.com/index.html,benign
https://wikipedia.org/index.html,benign
https://dropbox.com/index.html,benign
https://netflix.com/index.html,benign
https://amazon.com/index.html,benign
https://github.com/index.html,benign
https://microsoft.com/index.html,benign
https://dropbox.com/index.html,benign
https://amazon.com/index.html,benign
https://netflix.com/index.html,benign
https://reddit.com/index.html,benign
https://craigslist.org/index.html,benign
https://cnn.com/index.html,benign
https://twitter.com/index.html,benign
https://zoom.us/index.html,benign
https://github.com/index.html,benign
https://pinterest.com/index.html,benign
https://twitter.com/index.html,benign
https://tripadvisor.com/index.html,benign
https://netflix.com/index.html,benign
https://github.com/index.html,benign
https://zoom.us/index.html,benign
https://zoom.us/index.html,benign
https://medium.com/index.html,benign
https://amazon.com/index.html,benign
https://craigslist.org/index.html,benign
https://netflix.com/index.html,benign
https://bbc.com/index.html,benign
https://reddit.com/index.html,benign
https://github.com/index.html,benign
https://linkedin.com/index.html,benign
https://spotify.com/index.html,benign
https://quora.com/index.html,benign
https://apple.com/index.html,benign
https://apple.com/index.html,benign
https://slack.com/index.html,benign
https://weather.com/index.html,benign
https://linkedin.com/index.html,benign
https://apple.com/index.html,benign
https://amazon.com/index.html,benign
https://salesforce.com/index.html,benign
https://google.com/index.html,benign
https://netflix.com/index.html,benign
https://youtube.com/index.html,benign
https://youtube.com/index.html,benign
https://apple.com/index.html,benign
https://spotify.com/index.html,benign
https://salesforce.com/index.html,benign
https://stackoverflow.com/index.html,benign
https://weather.com/index.html,benign
https://github.com/index.html,benign
https://dropbox.com/index.html,benign
https://stackoverflow.com/index.html,benign
https://yahoo.com/index.html,benign
https://linkedin.com/index.html,benign
https://weather.com/index.html,benign
https://craigslist.org/index.html,benign
https://spotify.com/index.html,benign
https://quora.com/index.html,benign
https://salesforce.com/index.html,benign
https://yahoo.com/index.html,benign
https://reddit.com/index.html,benign
https://zoom.us/index.html,benign
https://weather.com/index.html,benign
https://spotify.com/index.html,benign
https://nytimes.com/index.html,benign
https://youtube.com/index.html,benign
https://spotify.com/index.html,benign
https://ebay.com/index.html,benign
https://spotify.com/index.html,benign
https://spotify.com/index.html,benign
https://slack.com/index.html,benign
https://netflix.com/index.html,benign
https://twitter.com/index.html,benign
https://nytimes.com/index.html,benign
https://linkedin.com/index.html,benign
https://dropbox.com/index.html,benign
https://ebay.com/index.html,benign
https://cnn.com/index.html,benign
https://bbc.com/index.html,benign
https://instagram.com/index.html,benign
https://craigslist.org/index.html,benign
https://youtube.com/index.html,benign
https://zoom.us/index.html,benign
https://yahoo.com/index.html,benign
https://nytimes.com/index.html,benign
https://reddit.com/index.html,benign
https://medium.com/index.html,benign
https://spotify.com/index.html,benign
https://yahoo.com/index.html,benign
https://apple.com/index.html,benign
https://ebay.com/index.html,benign
https://spotify.com/index.html,benign
https://youtube.com/index.html,benign
https://weather.com/index.html,benign
https://apple.com/index.html,benign
https://stackoverflow.com/index.html,benign
https://google.com/index.html,benign
https://imdb.com/index.html,benign
https://medium.com/index.html,benign
https://nytimes.com/index.html,benign
https://weather.com/index.html,benign
https://pinterest.com/index.html,benign
https://google.com/index.html,benign
https://salesforce.com/index.html,benign
https://nytimes.com/index.html,benign
https://nytimes.com/index.html,benign
https://stackoverflow.com/index.html,benign
https://apple.com/index.html,benign
https://pinterest.com/index.html,benign
https://ebay.com/index.html,benign
https://medium.com/index.html,benign
https://bbc.com/index.html,benign
https://twitter.com/index.html,benign
https://salesforce.com/index.html,benign
https://microsoft.com/index.html,benign
https://reddit.com/index.html,benign
https://wikipedia.org/index.html,benign
https://weather.com/index.html,benign
https://pinterest.com/index.html,benign
https://stackoverflow.com/index.html,benign
https://dropbox.com/index.html,benign
https://instagram.com/index.html,benign
https://netflix.com/index.html,benign
https://spotify.com/index.html,benign
https://slack.com/index.html,benign
https://medium.com/index.html,benign
https://salesforce.com/index.html,benign
https://cnn.com/index.html,benign
https://zoom.us/index.html,benign
https://bbc.com/index.html,benign
https://apple.com/index.html,benign
https://slack.com/index.html,benign
https://imdb.com/index.html,benign
https://tripadvisor.com/index.html,benign
https://microsoft.com/index.html,benign
https://salesforce.com/index.html,benign
https://spotify.com/index.html,benign
https://google.com/index.html,benign
https://salesforce.com/index.html,benign
https://netflix.com/index.html,benign
https://github.com/index.html,benign
https://zoom.us/index.html,benign
https://tripadvisor.com/index.html,benign
https://medium.com/index.html,benign
https://tripadvisor.com/index.html,benign
https://cnn.com/index.html,benign
https://dropbox.com/index.html,benign
https://craigslist.org/index.html,benign
https://apple.com/index.html,benign
https://netflix.com/index.html,benign
https://salesforce.com/index.html,benign
https://pinterest.com/index.html,benign
https://reddit.com/index.html,benign
https://bbc.com/index.html,benign
https://slack.com/index.html,benign
https://bbc.com/index.html,benign
https://cnn.com/index.html,benign
https://dropbox.com/index.html,benign
https://craigslist.org/index.html,benign
https://ebay.com/index.html,benign
https://imdb.com/index.html,benign
https://pinterest.com/index.html,benign
https://instagram.com/index.html,benign
https://wikipedia.org/index.html,benign
https://zoom.us/index.html,benign
https://zoom.us/index.html,benign
https://spotify.com/index.html,benign
https://youtube.com/index.html,benign
https://wikipedia.org/index.html,benign
https://salesforce.com/index.html,benign
https://microsoft.com/index.html,benign
https://amazon.com/index.html,benign
https://apple.com/index.html,benign
https://github.com/index.html,benign
https://twitter.com/index.html,benign
https://pinterest.com/index.html,benign
https://twitter.com/index.html,benign
https://cnn.com/index.html,benign
https://tripadvisor.com/index.html,benign
https://twitter.com/index.html,benign
https://wikipedia.org/index.html,benign
https://tripadvisor.com/index.html,benign
https://apple.com/index.html,benign
https://tripadvisor.com/index.html,benign
https://github.com/index.html,benign
https://instagram.com/index.html,benign
https://netflix.com/index.html,benign
https://bbc.com/index.html,benign
https://linkedin.com/index.html,benign
https://medium.com/index.html,benign
https://wikipedia.org/index.html,benign
https://wikipedia.org/index.html,benign
https://ebay.com/index.html,benign
https://medium.com/index.html,benign
https://pinterest.com/index.html,benign
https://microsoft.com/index.html,benign
https://stackoverflow.com/index.html,benign
https://dropbox.com/index.html,benign
https://salesforce.com/index.html,benign
https://linkedin.com/index.html,benign
https://weather.com/index.html,benign
https://wikipedia.org/index.html,benign
https://amazon.com/index.html,benign
https://github.com/index.html,benign
https://google.com/index.html,benign
https://youtube.com/index.html,benign
https://spotify.com/index.html,benign
https://weather.com/index.html,benign
https://nytimes.com/index.html,benign
https://twitter.com/index.html,benign
https://medium.com/index.html,benign
https://google.com/index.html,benign
https://amazon.com/index.html,benign
https://slack.com/index.html,benign
https://medium.com/index.html,benign
https://craigslist.org/index.html,benign
https://medium.com/index.html,benign
https://zoom.us/index.html,benign
https://google.com/index.html,benign
https://reddit.com/index.html,benign
https://bbc.com/index.html,benign
https://google.com/index.html,benign
https://nytimes.com/index.html,benign
https://stackoverflow.com/index.html,benign
https://tripadvisor.com/index.html,benign
https://weather.com/index.html,benign
https://youtube.com/index.html,benign
https://imdb.com/index.html,benign
https://yahoo.com/index.html,benign
https://ebay.com/index.html,benign
https://linkedin.com/index.html,benign
https://wikipedia.org/index.html,benign
https://ebay.com/index.html,benign
https://wikipedia.org/index.html,benign
https://cnn.com/index.html,benign
https://bbc.com/index.html,benign
https://amazon.com/index.html,benign
https://netflix.com/index.html,benign
https://google.com/index.html,benign
https://instagram.com/index.html,benign
https://twitter.com/index.html,benign
https://linkedin.com/index.html,benign
https://medium.com/index.html,benign
https://craigslist.org/index.html,benign
https://wikipedia.org/index.html,benign
https://instagram.com/index.html,benign
https://apple.com/index.html,benign
https://wikipedia.org/index.html,benign
https://linkedin.com/index.html,benign
https://wikipedia.org/index.html,benign
https://yahoo.com/index.html,benign
https://bbc.com/index.html,benign
https://netflix.com/index.html,benign
https://google.com/index.html,benign
https://stackoverflow.com/index.html,benign
https://weather.com/index.html,benign
https://yahoo.com/index.html,benign
https://slack.com/index.html,benign
https://instagram.com/index.html,benign
https://amazon.com/index.html,benign
https://imdb.com/index.html,benign
https://imdb.com/index.html,benign
https://google.com/index.html,benign
https://quora.com/index.html,benign
https://bbc.com/index.html,benign
https://netflix.com/index.html,benign
https://medium.com/index.html,benign
https://stackoverflow.com/index.html,benign
https://tripadvisor.com/index.html,benign
https://netflix.com/index.html,benign
https://wikipedia.org/index.html,benign
https://youtube.com/index.html,benign
https://salesforce.com/index.html,benign
https://linkedin.com/index.html,benign
https://wikipedia.org/index.html,benign
https://spotify.com/index.html,benign
https://craigslist.org/index.html,benign
https://wikipedia.org/index.html,benign
https://nytimes.com/index.html,benign
https://medium.com/index.html,benign
https://instagram.com/index.html,benign
https://cnn.com/index.html,benign
https://amazon.com/index.html,benign
https://github.com/index.html,benign
https://slack.com/index.html,benign
https://bbc.com/index.html,benign
https://reddit.com/index.html,benign
https://youtube.com/index.html,benign
https://linkedin.com/index.html,benign
https://quora.com/index.html,benign
https://stackoverflow.com/index.html,benign
http://netflix-security-update-free.bid/login,phishing
http://amazon-security-update-free.club/login,phishing
http://amazon-security-update-gift.work/login,phishing
http://paypal-security-update-login.work/login,phishing
http://wellsfargo-security-update-verify.cf/login,phishing
http://wellsfargo-security-update-bonus.top/login,phishing
http://apple-security-update-secure.xyz/login,phishing
http://wellsfargo-security-update-netflix.cf/login,phishing
http://netflix-security-update-paypal.cf/login,phishing
http://apple-security-update-paypal.work/login,phishing
http://amazon-security-update-bonus.xyz/login,phishing
http://amazon-security-update-login.tk/login,phishing
http://wellsfargo-security-update-login.click/login,phishing
http://amazon-security-update-paypal.work/login,phishing
http://wellsfargo-security-update-bank.loan/login,phishing
http://paypal-security-update-login.loan/login,phishing
http://netflix-security-update-login.click/login,phishing
http://amazon-security-update-gift.info/login,phishing
http://amazon-security-update-login.cf/login,phishing
http://wellsfargo-security-update-chase.ga/login,phishing
http://amazon-security-update-free.cf/login,phishing
http://amazon-security-update-apple.info/login,phishing
http://apple-security-update-gift.work/login,phishing
http://netflix-security-update-chase.tk/login,phishing
http://wellsfargo-security-update-refund.gq/login,phishing
http://apple-security-update-secure.work/login,phishing
http://apple-security-update-free.bid/login,phishing
http://paypal-security-update-login.ml/login,phishing
http://paypal-security-update-bonus.club/login,phishing
http://wellsfargo-security-update-login.cf/login,phishing
http://amazon-security-update-free.xyz/login,phishing
http://paypal-security-update-bank.work/login,phishing
http://apple-security-update-free.xyz/login,phishing
http://wellsfargo-security-update-secure.top/login,phishing
http://amazon-security-update-netflix.cf/login,phishing
http://apple-security-update-verify.cf/login,phishing
http://paypal-security-update-free.cf/login,phishing
http://apple-security-update-netflix.gq/login,phishing
http://apple-security-update-refund.cf/login,phishing
http://apple-security-update-gift.click/login,phishing
http://paypal-security-update-free.cf/login,phishing
http://wellsfargo-security-update-paypal.ml/login,phishing
http://netflix-security-update-verify.gq/login,phishing
http://paypal-security-update-paypal.ml/login,phishing
http://amazon-security-update-signin.club/login,phishing
http://wellsfargo-security-update-netflix.gq/login,phishing
http://paypal-security-update-secure.ml/login,phishing
http://wellsfargo-security-update-refund.ml/login,phishing
http://netflix-security-update-gift.ga/login,phishing
http://amazon-security-update-update.bid/login,phishing
http://paypal-security-update-chase.gq/login,phishing
http://apple-security-update-bonus.cf/login,phishing
http://paypal-security-update-refund.club/login,phishing
http://wellsfargo-security-update-login.click/login,phishing
http://wellsfargo-security-update-gift.cf/login,phishing
http://apple-security-update-netflix.info/login,phishing
http://wellsfargo-security-update-netflix.cf/login,phishing
http://netflix-security-update-chase.work/login,phishing
http://wellsfargo-security-update-netflix.club/login,phishing
http://apple-security-update-bonus.ga/login,phishing
http://netflix-security-update-chase.xyz/login,phishing
http://apple-security-update-signin.ga/login,phishing
http://netflix-security-update-apple.info/login,phishing
http://wellsfargo-security-update-free.cf/login,phishing
http://netflix-security-update-apple.ga/login,phishing
http://paypal-security-update-secure.bid/login,phishing
http://wellsfargo-security-update-paypal.gq/login,phishing
http://wellsfargo-security-update-bonus.cf/login,phishing
http://netflix-security-update-refund.tk/login,phishing
http://wellsfargo-security-update-verify.bid/login,phishing
http://amazon-security-update-secure.gq/login,phishing
http://netflix-security-update-gift.click/login,phishing
http://wellsfargo-security-update-secure.tk/login,phishing
http://wellsfargo-security-update-update.loan/login,phishing
http://paypal-security-update-bank.loan/login,phishing
http://wellsfargo-security-update-verify.tk/login,phishing
http://paypal-security-update-paypal.club/login,phishing
http://paypal-security-update-gift.work/login,phishing
http://wellsfargo-security-update-bonus.top/login,phishing
http://apple-security-update-refund.click/login,phishing
http://wellsfargo-security-update-apple.ga/login,phishing
http://paypal-security-update-verify.tk/login,phishing
http://amazon-security-update-gift.club/login,phishing
http://apple-security-update-refund.gq/login,phishing
http://amazon-security-update-verify.ga/login,phishing
http://paypal-security-update-paypal.tk/login,phishing
http://netflix-security-update-apple.ml/login,phishing
http://amazon-security-update-gift.club/login,phishing
http://wellsfargo-security-update-netflix.tk/login,phishing
http://netflix-security-update-login.loan/login,phishing
http://netflix-security-update-update.gq/login,phishing
http://netflix-security-update-netflix.cf/login,phishing
http://apple-security-update-free.xyz/login,phishing
http://paypal-security-update-refund.club/login,phishing
http://netflix-security-update-bonus.ga/login,phishing
http://paypal-security-update-netflix.gq/login,phishing
http://apple-security-update-refund.cf/login,phishing
http://wellsfargo-security-update-secure.click/login,phishing
http://apple-security-update-verify.tk/login,phishing
http://amazon-security-update-bank.cf/login,phishing
http://amazon-security-update-bonus.cf/login,phishing
http://amazon-security-update-signin.click/login,phishing
http://amazon-security-update-verify.xyz/login,phishing
http://netflix-security-update-free.top/login,phishing
http://netflix-security-update-update.gq/login,phishing
http://wellsfargo-security-update-bonus.ga/login,phishing
http://wellsfargo-security-update-gift.cf/login,phishing
http://netflix-security-update-gift.club/login,phishing
http://apple-security-update-free.xyz/login,phishing
http://wellsfargo-security-update-signin.bid/login,phishing
http://netflix-security-update-secure.tk/login,phishing
http://wellsfargo-security-update-chase.ga/login,phishing
http://apple-security-update-signin.work/login,phishing
http://amazon-security-update-free.click/login,phishing
http://apple-security-update-netflix.work/login,phishing
http://netflix-security-update-free.top/login,phishing
http://paypal-security-update-bonus.click/login,phishing
http://apple-security-update-update.bid/login,phishing
http://amazon-security-update-bonus.tk/login,phishing
http://amazon-security-update-refund.work/login,phishing
http://paypal-security-update-apple.cf/login,phishing
http://amazon-security-update-bank.work/login,phishing
http://apple-security-update-update.club/login,phishing
http://apple-security-update-paypal.loan/login,phishing
http://paypal-security-update-gift.ml/login,phishing
http://netflix-security-update-signin.club/login,phishing
http://apple-security-update-free.cf/login,phishing
http://amazon-security-update-verify.gq/login,phishing
http://amazon-security-update-update.loan/login,phishing
http://wellsfargo-security-update-update.tk/login,phishing
http://paypal-security-update-bank.click/login,phishing
http://apple-security-update-bank.gq/login,phishing
http://netflix-security-update-gift.gq/login,phishing
http://amazon-security-update-update.cf/login,phishing
http://paypal-security-update-free.top/login,phishing
http://paypal-security-update-refund.tk/login,phishing
http://paypal-security-update-chase.loan/login,phishing
http://apple-security-update-bank.click/login,phishing
http://netflix-security-update-free.top/login,phishing
http://paypal-security-update-login.info/login,phishing
http://netflix-security-update-netflix.bid/login,phishing
http://wellsfargo-security-update-bank.gq/login,phishing
http://netflix-security-update-signin.work/login,phishing
http://amazon-security-update-chase.tk/login,phishing
http://amazon-security-update-netflix.loan/login,phishing
http://wellsfargo-security-update-secure.bid/login,phishing
http://paypal-security-update-bonus.click/login,phishing
http://netflix-security-update-bank.top/login,phishing
http://paypal-security-update-apple.ga/login,phishing
http://apple-security-update-chase.ml/login,phishing
http://apple-security-update-refund.gq/login,phishing
http://netflix-security-update-chase.ml/login,phishing
http://apple-security-update-chase.loan/login,phishing
http://amazon-security-update-gift.bid/login,phishing
http://paypal-security-update-netflix.top/login,phishing
http://paypal-security-update-paypal.top/login,phishing
http://netflix-security-update-refund.info/login,phishing
http://netflix-security-update-secure.ml/login,phishing
http://wellsfargo-security-update-update.work/login,phishing
http://paypal-security-update-bonus.info/login,phishing
http://netflix-security-update-bonus.ml/login,phishing
http://amazon-security-update-update.tk/login,phishing
http://wellsfargo-security-update-chase.bid/login,phishing
http://amazon-security-update-refund.ga/login,phishing
http://netflix-security-update-login.xyz/login,phishing
http://paypal-security-update-secure.work/login,phishing
http://netflix-security-update-paypal.gq/login,phishing
http://amazon-security-update-bank.info/login,phishing
http://netflix-security-update-signin.ml/login,phishing
http://amazon-security-update-netflix.cf/login,phishing
http://wellsfargo-security-update-netflix.bid/login,phishing
http://wellsfargo-security-update-secure.info/login,phishing
http://apple-security-update-chase.gq/login,phishing
http://netflix-security-update-refund.cf/login,phishing
http://netflix-security-update-bonus.tk/login,phishing
http://apple-security-update-free.club/login,phishing
http://apple-security-update-verify.work/login,phishing
http://netflix-security-update-paypal.ga/login,phishing
http://paypal-security-update-bonus.cf/login,phishing
http://paypal-security-update-gift.club/login,phishing
http://wellsfargo-security-update-paypal.cf/login,phishing
http://wellsfargo-security-update-apple.gq/login,phishing
http://netflix-security-update-login.loan/login,phishing
http://paypal-security-update-verify.cf/login,phishing
http://netflix-security-update-netflix.work/login,phishing
http://amazon-security-update-signin.tk/login,phishing
http://amazon-security-update-gift.tk/login,phishing
http://netflix-security-update-bank.ml/login,phishing
http://apple-security-update-apple.tk/login,phishing
http://apple-security-update-signin.click/login,phishing
http://paypal-security-update-login.tk/login,phishing
http://wellsfargo-security-update-gift.click/login,phishing
http://amazon-security-update-bank.info/login,phishing
http://apple-security-update-refund.club/login,phishing
http://wellsfargo-security-update-gift.club/login,phishing
http://wellsfargo-security-update-signin.click/login,phishing
http://apple-security-update-apple.cf/login,phishing
http://apple-security-update-signin.club/login,phishing
http://netflix-security-update-bonus.gq/login,phishing
http://netflix-security-update-secure.xyz/login,phishing
http://apple-security-update-paypal.ga/login,phishing
http://paypal-security-update-bonus.tk/login,phishing
http://wellsfargo-security-update-paypal.info/login,phishing
http://netflix-security-update-netflix.cf/login,phishing
http://netflix-security-update-bonus.work/login,phishing
http://netflix-security-update-signin.ml/login,phishing
http://netflix-security-update-chase.click/login,phishing
http://wellsfargo-security-update-netflix.xyz/login,phishing
http://netflix-security-update-signin.tk/login,phishing
http://paypal-security-update-gift.gq/login,phishing
http://paypal-security-update-login.top/login,phishing
http://wellsfargo-security-update-bank.tk/login,phishing
http://netflix-security-update-gift.ml/login,phishing
http://apple-security-update-paypal.gq/login,phishing
http://paypal-security-update-secure.cf/login,phishing
http://netflix-security-update-apple.ga/login,phishing
http://netflix-security-update-bonus.work/login,phishing
http://netflix-security-update-chase.work/login,phishing
http://paypal-security-update-secure.gq/login,phishing
http://apple-security-update-secure.xyz/login,phishing
http://amazon-security-update-verify.ga/login,phishing
http://amazon-security-update-paypal.click/login,phishing
http://apple-security-update-update.info/login,phishing
http://wellsfargo-security-update-paypal.loan/login,phishing
http://wellsfargo-security-update-signin.ga/login,phishing
http://wellsfargo-security-update-secure.tk/login,phishing
http://apple-security-update-update.tk/login,phishing
http://amazon-security-update-update.gq/login,phishing
http://apple-security-update-refund.cf/login,phishing
http://amazon-security-update-verify.ga/login,phishing
http://apple-security-update-secure.gq/login,phishing
http://netflix-security-update-signin.bid/login,phishing
http://apple-security-update-secure.xyz/login,phishing
http://paypal-security-update-bank.tk/login,phishing
http://paypal-security-update-signin.ml/login,phishing
http://netflix-security-update-chase.top/login,phishing
http://amazon-security-update-apple.xyz/login,phishing
http://apple-security-update-login.bid/login,phishing
http://paypal-security-update-signin.work/login,phishing
http://netflix-security-update-gift.info/login,phishing
http://amazon-security-update-chase.gq/login,phishing
http://amazon-security-update-bank.top/login,phishing
http://apple-security-update-verify.xyz/login,phishing
http://amazon-security-update-secure.tk/login,phishing
http://netflix-security-update-chase.gq/login,phishing
http://amazon-security-update-apple.club/login,phishing
http://paypal-security-update-chase.cf/login,phishing
http://wellsfargo-security-update-chase.gq/login,phishing
http://apple-security-update-netflix.top/login,phishing
http://apple-security-update-signin.tk/login,phishing
http://wellsfargo-security-update-secure.loan/login,phishing
http://wellsfargo-security-update-free.top/login,phishing
http://amazon-security-update-bank.xyz/login,phishing
http://amazon-security-update-paypal.tk/login,phishing
http://paypal-security-update-verify.click/login,phishing
http://wellsfargo-security-update-netflix.click/login,phishing
http://amazon-security-update-update.click/login,phishing
http://paypal-security-update-chase.xyz/login,phishing
http://paypal-security-update-signin.loan/login,phishing
http://amazon-security-update-refund.loan/login,phishing
http://amazon-security-update-signin.tk/login,phishing
http://netflix-security-update-verify.loan/login,phishing
http://netflix-security-update-refund.info/login,phishing
http://wellsfargo-security-update-refund.info/login,phishing
http://netflix-security-update-verify.xyz/login,phishing
http://paypal-security-update-chase.club/login,phishing
http://apple-security-update-chase.tk/login,phishing
http://paypal-security-update-signin.work/login,phishing
http://wellsfargo-security-update-apple.top/login,phishing
http://paypal-security-update-secure.bid/login,phishing
http://paypal-security-update-login.info/login,phishing
http://paypal-security-update-gift.club/login,phishing
http://apple-security-update-gift.tk/login,phishing
http://netflix-security-update-bonus.cf/login,phishing
http://amazon-security-update-bank.ga/login,phishing
http://wellsfargo-security-update-login.info/login,phishing
http://apple-security-update-apple.bid/login,phishing
http://netflix-security-update-chase.work/login,phishing
http://netflix-security-update-paypal.info/login,phishing
http://netflix-security-update-netflix.work/login,phishing
http://netflix-security-update-verify.tk/login,phishing
http://amazon-security-update-verify.info/login,phishing
http://amazon-security-update-gift.bid/login,phishing
http://amazon-security-update-chase.ml/login,phishing
http://netflix-security-update-bonus.info/login,phishing
http://amazon-security-update-refund.bid/login,phishing
http://netflix-security-update-chase.click/login,phishing
http://amazon-security-update-update.bid/login,phishing
http://wellsfargo-security-update-apple.gq/login,phishing
http://wellsfargo-security-update-free.click/login,phishing
http://netflix-security-update-chase.tk/login,phishing
http://amazon-security-update-chase.ml/login,phishing
http://wellsfargo-security-update-update.bid/login,phishing
http://amazon-security-update-signin.ga/login,phishing
http://apple-security-update-paypal.ml/login,phishing
http://netflix-security-update-verify.tk/login,phishing
http://apple-security-update-update.cf/login,phishing
http://wellsfargo-security-update-secure.top/login,phishing
http://apple-security-update-free.xyz/login,phishing
http://amazon-security-update-bonus.bid/login,phishing
http://amazon-security-update-bank.ml/login,phishing
http://wellsfargo-security-update-bonus.work/login,phishing
http://netflix-security-update-signin.work/login,phishing
http://wellsfargo-security-update-bonus.ga/login,phishing
http://wellsfargo-security-update-refund.work/login,phishing
http://wellsfargo-security-update-update.info/login,phishing
http://apple-security-update-paypal.top/login,phishing
http://amazon-security-update-chase.info/login,phishing
http://netflix-security-update-verify.click/login,phishing
http://paypal-security-update-bonus.work/login,phishing
http://netflix-security-update-bank.club/login,phishing
http://wellsfargo-security-update-chase.info/login,phishing
http://paypal-security-update-login.loan/login,phishing
http://amazon-security-update-gift.click/login,phishing
http://wellsfargo-security-update-apple.work/login,phishing
http://amazon-security-update-bonus.bid/login,phishing
http://apple-security-update-paypal.cf/login,phishing
http://amazon-security-update-verify.club/login,phishing
http://netflix-security-update-apple.bid/login,phishing
http://amazon-security-update-login.gq/login,phishing
http://apple-security-update-login.bid/login,phishing
http://apple-security-update-login.tk/login,phishing
http://amazon-security-update-refund.top/login,phishing
http://netflix-security-update-bank.club/login,phishing
http://apple-security-update-bonus.click/login,phishing
http://amazon-security-update-refund.club/login,phishing
http://wellsfargo-security-update-paypal.click/login,phishing
http://netflix-security-update-bank.top/login,phishing
http://wellsfargo-security-update-update.ml/login,phishing
http://apple-security-update-secure.bid/login,phishing
http://amazon-security-update-free.club/login,phishing
http://amazon-security-update-secure.work/login,phishing
http://amazon-security-update-chase.tk/login,phishing
http://amazon-security-update-refund.loan/login,phishing
http://wellsfargo-security-update-login.ga/login,phishing
http://paypal-security-update-signin.tk/login,phishing
http://netflix-security-update-update.ga/login,phishing
http://paypal-security-update-signin.gq/login,phishing
http://paypal-security-update-secure.ml/login,phishing
http://amazon-security-update-bank.club/login,phishing
http://netflix-security-update-secure.xyz/login,phishing
http://wellsfargo-security-update-free.xyz/login,phishing
http://netflix-security-update-apple.loan/login,phishing
http://paypal-security-update-update.xyz/login,phishing
http://apple-security-update-chase.info/login,phishing
http://amazon-security-update-paypal.tk/login,phishing
http://netflix-security-update-apple.click/login,phishing
http://paypal-security-update-verify.ml/login,phishing
http://netflix-security-update-bank.click/login,phishing
http://apple-security-update-update.club/login,phishing
http://apple-security-update-gift.click/login,phishing
http://amazon-security-update-bank.info/login,phishing
http://amazon-security-update-bonus.club/login,phishing
http://apple-security-update-update.info/login,phishing
http://netflix-security-update-verify.gq/login,phishing
http://amazon-security-update-verify.cf/login,phishing
http://netflix-security-update-gift.info/login,phishing
http://netflix-security-update-login.bid/login,phishing
http://netflix-security-update-bank.ml/login,phishing
http://netflix-security-update-netflix.tk/login,phishing
http://netflix-security-update-secure.ga/login,phishing
http://apple-security-update-update.ml/login,phishing
http://apple-security-update-paypal.ga/login,phishing
http://apple-security-update-refund.ga/login,phishing
http://netflix-security-update-verify.bid/login,phishing
http://paypal-security-update-signin.bid/login,phishing
http://amazon-security-update-apple.club/login,phishing
http://wellsfargo-security-update-bank.top/login,phishing
http://wellsfargo-security-update-refund.gq/login,phishing
http://amazon-security-update-free.ga/login,phishing
http://apple-security-update-update.tk/login,phishing
http://apple-security-update-free.top/login,phishing
http://wellsfargo-security-update-bonus.tk/login,phishing
http://wellsfargo-security-update-apple.ga/login,phishing
http://wellsfargo-security-update-secure.club/login,phishing
http://netflix-security-update-refund.info/login,phishing
http://apple-security-update-chase.top/login,phishing
http://wellsfargo-security-update-verify.cf/login,phishing
http://wellsfargo-security-update-signin.loan/login,phishing
http://wellsfargo-security-update-update.info/login,phishing
http://wellsfargo-security-update-paypal.loan/login,phishing
http://amazon-security-update-update.bid/login,phishing
http://wellsfargo-security-update-paypal.click/login,phishing
http://apple-security-update-netflix.loan/login,phishing
http://paypal-security-update-signin.click/login,phishing
http://paypal-security-update-secure.loan/login,phishing
http://amazon-security-update-refund.info/login,phishing
http://apple-security-update-secure.ml/login,phishing
http://apple-security-update-netflix.ga/login,phishing
http://wellsfargo-security-update-free.work/login,phishing
http://netflix-security-update-bank.ml/login,phishing
http://apple-security-update-apple.club/login,phishing
http://wellsfargo-security-update-free.gq/login,phishing
http://netflix-security-update-chase.top/login,phishing
http://amazon-security-update-login.loan/login,phishing
http://apple-security-update-apple.click/login,phishing
http://apple-security-update-gift.club/login,phishing
http://paypal-security-update-netflix.club/login,phishing
http://paypal-security-update-chase.cf/login,phishing
http://wellsfargo-security-update-apple.click/login,phishing
http://wellsfargo-security-update-gift.loan/login,phishing
http://wellsfargo-security-update-signin.click/login,phishing
http://wellsfargo-security-update-update.tk/login,phishing
http://netflix-security-update-verify.bid/login,phishing
http://apple-security-update-secure.cf/login,phishing
http://paypal-security-update-netflix.club/login,phishing
http://paypal-security-update-netflix.info/login,phishing
http://wellsfargo-security-update-chase.work/login,phishing
http://amazon-security-update-update.ml/login,phishing
http://netflix-security-update-refund.click/login,phishing
http://paypal-security-update-bank.cf/login,phishing
http://paypal-security-update-free.loan/login,phishing
http://paypal-security-update-bank.bid/login,phishing
http://apple-security-update-gift.gq/login,phishing
http://wellsfargo-security-update-free.xyz/login,phishing
http://netflix-security-update-apple.click/login,phishing
http://apple-security-update-signin.gq/login,phishing
http://apple-security-update-paypal.club/login,phishing
http://paypal-security-update-paypal.work/login,phishing
http://wellsfargo-security-update-gift.work/login,phishing
http://amazon-security-update-netflix.info/login,phishing
http://apple-security-update-signin.club/login,phishing
http://wellsfargo-security-update-bonus.top/login,phishing
http://amazon-security-update-apple.loan/login,phishing
http://apple-security-update-signin.club/login,phishing
http://apple-security-update-paypal.tk/login,phishing
http://apple-security-update-signin.xyz/login,phishing
http://netflix-security-update-bank.gq/login,phishing
http://apple-security-update-login.ml/login,phishing
http://netflix-security-update-verify.cf/login,phishing
http://paypal-security-update-free.xyz/login,phishing
http://apple-security-update-bonus.gq/login,phishing
http://wellsfargo-security-update-login.xyz/login,phishing
http://apple-security-update-verify.info/login,phishing
http://wellsfargo-security-update-bank.xyz/login,phishing
http://amazon-security-update-update.work/login,phishing
http://netflix-security-update-free.loan/login,phishing
http://paypal-security-update-bank.xyz/login,phishing
http://apple-security-update-refund.click/login,phishing
http://apple-security-update-login.ga/login,phishing
http://netflix-security-update-chase.club/login,phishing
http://wellsfargo-security-update-free.cf/login,phishing
http://paypal-security-update-paypal.info/login,phishing
http://apple-security-update-bank.loan/login,phishing
http://paypal-security-update-update.top/login,phishing
http://paypal-security-update-update.bid/login,phishing
http://netflix-security-update-free.bid/login,phishing
http://netflix-security-update-bank.click/login,phishing
http://wellsfargo-security-update-gift.tk/login,phishing
http://netflix-security-update-login.club/login,phishing
http://netflix-security-update-signin.top/login,phishing
http://paypal-security-update-bank.ml/login,phishing
http://paypal-security-update-update.work/login,phishing
http://paypal-security-update-chase.club/login,phishing
http://amazon-security-update-login.top/login,phishing
http://apple-security-update-update.click/login,phishing
http://apple-security-update-secure.top/login,phishing
http://netflix-security-update-refund.loan/login,phishing
http://netflix-security-update-netflix.cf/login,phishing
http://paypal-security-update-update.tk/login,phishing
http://apple-security-update-bonus.work/login,phishing
http://wellsfargo-security-update-login.club/login,phishing
http://amazon-security-update-secure.club/login,phishing
http://amazon-security-update-update.info/login,phishing
http://wellsfargo-security-update-verify.bid/login,phishing
http://paypal-security-update-login.loan/login,phishing
http://apple-security-update-update.cf/login,phishing
http://paypal-security-update-update.gq/login,phishing
http://apple-security-update-netflix.tk/login,phishing
http://amazon-security-update-update.top/login,phishing
http://apple-security-update-free.gq/login,phishing
http://amazon-security-update-apple.work/login,phishing
http://amazon-security-update-free.click/login,phishing
http://apple-security-update-gift.xyz/login,phishing
http://wellsfargo-security-update-free.ga/login,phishing
http://paypal-security-update-paypal.loan/login,phishing
http://amazon-security-update-chase.ml/login,phishing
http://amazon-security-update-bonus.work/login,phishing
http://paypal-security-update-login.club/login,phishing
http://netflix-security-update-secure.work/login,phishing
http://netflix-security-update-signin.top/login,phishing
http://apple-security-update-login.bid/login,phishing
http://netflix-security-update-update.bid/login,phishing
http://netflix-security-update-netflix.ga/login,phishing
http://apple-security-update-chase.top/login,phishing
http://paypal-security-update-netflix.cf/login,phishing
http://wellsfargo-security-update-verify.tk/login,phishing
http://netflix-security-update-gift.top/login,phishing
http://apple-security-update-update.ml/login,phishing
http://netflix-security-update-bank.cf/login,phishing
http://amazon-security-update-free.work/login,phishing
http://netflix-security-update-login.loan/login,phishing
http://paypal-security-update-verify.loan/login,phishing
http://amazon-security-update-paypal.cf/login,phishing
http://wellsfargo-security-update-apple.click/login,phishing
http://apple-security-update-secure.top/login,phishing
http://wellsfargo-security-update-refund.gq/login,phishing
http://wellsfargo-security-update-gift.click/login,phishing
http://amazon-security-update-update.tk/login,phishing
http://paypal-security-update-secure.xyz/login,phishing
http://netflix-security-update-gift.bid/login,phishing
http://wellsfargo-security-update-secure.loan/login,phishing
http://wellsfargo-security-update-update.cf/login,phishing
http://wellsfargo-security-update-netflix.ml/login,phishing
http://amazon-security-update-secure.work/login,phishing
http://apple-security-update-login.click/login,phishing
http://wellsfargo-security-update-update.tk/login,phishing
http://apple-security-update-secure.ml/login,phishing
http://wellsfargo-security-update-update.ga/login,phishing
http://paypal-security-update-login.work/login,phishing
http://wellsfargo-security-update-gift.club/login,phishing
http://amazon-security-update-secure.info/login,phishing
http://apple-security-update-secure.bid/login,phishing
http://paypal-security-update-bonus.info/login,phishing
http://netflix-security-update-gift.loan/login,phishing
http://wellsfargo-security-update-verify.club/login,phishing
http://wellsfargo-security-update-chase.cf/login,phishing
http://apple-security-update-apple.bid/login,phishing
http://wellsfargo-security-update-secure.loan/login,phishing
http://apple-security-update-apple.ml/login,phishing
http://wellsfargo-security-update-netflix.ml/login,phishing
http://paypal-security-update-free.club/login,phishing
http://netflix-security-update-bonus.ga/login,phishing
http://amazon-security-update-refund.work/login,phishing
http://netflix-security-update-refund.club/login,phishing
http://wellsfargo-security-update-verify.top/login,phishing
http://apple-security-update-apple.top/login,phishing
http://netflix-security-update-paypal.bid/login,phishing
http://paypal-security-update-verify.click/login,phishing
http://wellsfargo-security-update-apple.club/login,phishing
http://paypal-security-update-secure.work/login,phishing
http://netflix-security-update-apple.work/login,phishing
http://netflix-security-update-paypal.tk/login,phishing
http://apple-security-update-signin.bid/login,phishing
http://netflix-security-update-verify.click/login,phishing
http://apple-security-update-update.cf/login,phishing
http://netflix-security-update-apple.cf/login,phishing
http://paypal-security-update-bank.info/login,phishing
http://apple-security-update-bonus.ml/login,phishing
http://netflix-security-update-free.info/login,phishing
http://netflix-security-update-paypal.loan/login,phishing
http://amazon-security-update-verify.ml/login,phishing
http://paypal-security-update-bank.info/login,phishing
http://amazon-security-update-secure.xyz/login,phishing
http://amazon-security-update-chase.info/login,phishing
http://paypal-security-update-secure.cf/login,phishing
http://wellsfargo-security-update-signin.ga/login,phishing
http://amazon-security-update-free.club/login,phishing
http://apple-security-update-refund.top/login,phishing
http://paypal-security-update-netflix.tk/login,phishing
http://wellsfargo-security-update-signin.work/login,phishing
http://apple-security-update-login.info/login,phishing
http://paypal-security-update-refund.click/login,phishing
http://paypal-security-update-chase.cf/login,phishing
http://apple-security-update-chase.tk/login,phishing
http://amazon-security-update-verify.top/login,phishing
http://netflix-security-update-netflix.loan/login,phishing
http://wellsfargo-security-update-signin.tk/login,phishing
http://amazon-security-update-gift.loan/login,phishing
http://amazon-security-update-update.ga/login,phishing
http://netflix-security-update-apple.ga/login,phishing
http://paypal-security-update-secure.info/login,phishing
http://wellsfargo-security-update-gift.loan/login,phishing
http://amazon-security-update-netflix.ga/login,phishing
http://amazon-security-update-update.work/login,phishing
http://amazon-security-update-verify.info/login,phishing
http://amazon-security-update-gift.bid/login,phishing
http://paypal-security-update-gift.ga/login,phishing
http://netflix-security-update-signin.ml/login,phishing
http://apple-security-update-bonus.cf/login,phishing
http://wellsfargo-security-update-signin.top/login,phishing
http://wellsfargo-security-update-bonus.loan/login,phishing
http://netflix-security-update-bank.tk/login,phishing
http://amazon-security-update-apple.loan/login,phishing
http://netflix-security-update-login.cf/login,phishing
http://wellsfargo-security-update-update.top/login,phishing
http://amazon-security-update-netflix.loan/login,phishing
http://apple-security-update-free.bid/login,phishing
http://amazon-security-update-apple.ga/login,phishing
http://wellsfargo-security-update-update.xyz/login,phishing
http://amazon-security-update-bonus.work/login,phishing
http://netflix-security-update-free.info/login,phishing
http://wellsfargo-security-update-paypal.work/login,phishing
http://wellsfargo-security-update-paypal.loan/login,phishing
http://apple-security-update-signin.gq/login,phishing
http://netflix-security-update-update.bid/login,phishing
http://amazon-security-update-paypal.club/login,phishing
http://apple-security-update-update.click/login,phishing
http://apple-security-update-login.bid/login,phishing
http://apple-security-update-signin.club/login,phishing
http://amazon-security-update-update.top/login,phishing
http://wellsfargo-security-update-netflix.gq/login,phishing
http://apple-security-update-signin.loan/login,phishing
http://apple-security-update-paypal.info/login,phishing
http://paypal-security-update-bonus.ml/login,phishing
http://apple-security-update-bonus.ml/login,phishing
http://paypal-security-update-secure.club/login,phishing
http://amazon-security-update-login.gq/login,phishing
http://netflix-security-update-gift.top/login,phishing
http://amazon-security-update-paypal.loan/login,phishing
http://netflix-security-update-bank.work/login,phishing
http://apple-security-update-chase.info/login,phishing
http://netflix-security-update-netflix.xyz/login,phishing
http://paypal-security-update-refund.loan/login,phishing
http://paypal-security-update-apple.top/login,phishing
http://wellsfargo-security-update-netflix.club/login,phishing
http://apple-security-update-gift.cf/login,phishing
http://apple-security-update-netflix.tk/login,phishing
http://paypal-security-update-chase.gq/login,phishing
http://wellsfargo-security-update-secure.click/login,phishing
http://paypal-security-update-verify.click/login,phishing
http://amazon-security-update-signin.gq/login,phishing
http://amazon-security-update-login.ml/login,phishing
http://wellsfargo-security-update-verify.cf/login,phishing
http://wellsfargo-security-update-paypal.xyz/login,phishing
http://netflix-security-update-bonus.click/login,phishing
http://paypal-security-update-verify.tk/login,phishing
http://apple-security-update-paypal.work/login,phishing
http://apple-security-update-update.loan/login,phishing
http://netflix-security-update-paypal.tk/login,phishing
http://netflix-security-update-login.tk/login,phishing
http://netflix-security-update-verify.top/login,phishing
http://apple-security-update-verify.gq/login,phishing
http://apple-security-update-paypal.club/login,phishing
http://paypal-security-update-update.bid/login,phishing
http://wellsfargo-security-update-update.ga/login,phishing
http://netflix-security-update-netflix.tk/login,phishing
http://paypal-security-update-verify.work/login,phishing
http://amazon-security-update-signin.top/login,phishing
http://apple-security-update-refund.ml/login,phishing
http://paypal-security-update-bank.ga/login,phishing
http://paypal-security-update-secure.work/login,phishing
http://wellsfargo-security-update-secure.info/login,phishing
http://paypal-security-update-paypal.gq/login,phishing
http://netflix-security-update-apple.bid/login,phishing
http://paypal-security-update-netflix.click/login,phishing
http://paypal-security-update-bonus.click/login,phishing
http://wellsfargo-security-update-gift.top/login,phishing
http://netflix-security-update-chase.cf/login,phishing
http://netflix-security-update-free.top/login,phishing
http://netflix-security-update-chase.gq/login,phishing
http://netflix-security-update-signin.work/login,phishing
http://amazon-security-update-verify.gq/login,phishing
http://wellsfargo-security-update-chase.loan/login,phishing
http://amazon-security-update-free.tk/login,phishing
http://paypal-security-update-bonus.cf/login,phishing
http://wellsfargo-security-update-verify.club/login,phishing
http://wellsfargo-security-update-chase.gq/login,phishing
http://amazon-security-update-free.ga/login,phishing
http://paypal-security-update-gift.ml/login,phishing
http://paypal-security-update-apple.bid/login,phishing
http://wellsfargo-security-update-bank.bid/login,phishing
http://amazon-security-update-refund.xyz/login,phishing
http://paypal-security-update-signin.work/login,phishing
http://amazon-security-update-bonus.ga/login,phishing
http://wellsfargo-security-update-login.top/login,phishing
http://paypal-security-update-bonus.xyz/login,phishing
http://wellsfargo-security-update-chase.loan/login,phishing
http://wellsfargo-security-update-refund.info/login,phishing
http://netflix-security-update-signin.click/login,phishing
http://wellsfargo-security-update-signin.loan/login,phishing
http://paypal-security-update-paypal.top/login,phishing
http://wellsfargo-security-update-netflix.club/login,phishing
http://apple-security-update-bonus.bid/login,phishing
http://apple-security-update-update.gq/login,phishing
http://paypal-security-update-signin.ml/login,phishing
http://amazon-security-update-signin.tk/login,phishing
http://paypal-security-update-verify.loan/login,phishing
http://apple-security-update-login.loan/login,phishing
http://apple-security-update-update.tk/login,phishing
http://apple-security-update-signin.work/login,phishing
http://wellsfargo-security-update-refund.cf/login,phishing
http://netflix-security-update-login.work/login,phishing
http://apple-security-update-apple.loan/login,phishing
http://paypal-security-update-update.bid/login,phishing
http://paypal-security-update-bank.club/login,phishing
http://amazon-security-update-bonus.click/login,phishing
http://wellsfargo-security-update-netflix.gq/login,phishing
http://wellsfargo-security-update-free.cf/login,phishing
http://netflix-security-update-bank.work/login,phishing
http://apple-security-update-paypal.tk/login,phishing
http://netflix-security-update-free.top/login,phishing
http://paypal-security-update-gift.ga/login,phishing
http://wellsfargo-security-update-secure.loan/login,phishing
http://paypal-security-update-paypal.click/login,phishing
http://netflix-security-update-netflix.gq/login,phishing
http://netflix-security-update-update.tk/login,phishing
http://paypal-security-update-netflix.bid/login,phishing
http://amazon-security-update-login.top/login,phishing
http://paypal-security-update-free.tk/login,phishing
http://wellsfargo-security-update-chase.work/login,phishing
http://apple-security-update-free.info/login,phishing
http://apple-security-update-update.info/login,phishing
http://netflix-security-update-update.info/login,phishing
http://apple-security-update-chase.ml/login,phishing
http://wellsfargo-security-update-verify.tk/login,phishing
http://netflix-security-update-bonus.ml/login,phishing
http://paypal-security-update-login.click/login,phishing
http://wellsfargo-security-update-bank.gq/login,phishing
http://netflix-security-update-free.xyz/login,phishing
http://amazon-security-update-bonus.top/login,phishing
http://amazon-security-update-secure.gq/login,phishing
http://wellsfargo-security-update-apple.tk/login,phishing
http://paypal-security-update-apple.tk/login,phishing
http://wellsfargo-security-update-bank.tk/login,phishing
http://paypal-security-update-login.click/login,phishing
http://apple-security-update-refund.ml/login,phishing
http://apple-security-update-refund.info/login,phishing
http://amazon-security-update-update.info/login,phishing
http://wellsfargo-security-update-apple.work/login,phishing
http://netflix-security-update-gift.ml/login,phishing
http://amazon-security-update-gift.click/login,phishing
http://paypal-security-update-bonus.bid/login,phishing
http://apple-security-update-free.tk/login,phishing
http://apple-security-update-gift.loan/login,phishing
http://paypal-security-update-refund.ml/login,phishing
http://netflix-security-update-chase.ga/login,phishing
http://paypal-security-update-apple.work/login,phishing
http://netflix-security-update-update.club/login,phishing
http://amazon-security-update-update.gq/login,phishing
http://amazon-security-update-update.club/login,phishing
http://paypal-security-update-chase.top/login,phishing
http://wellsfargo-security-update-signin.info/login,phishing
http://apple-security-update-signin.club/login,phishing
http://wellsfargo-security-update-netflix.info/login,phishing
http://amazon-security-update-secure.cf/login,phishing
http://amazon-security-update-free.xyz/login,phishing
http://paypal-security-update-apple.tk/login,phishing
http://wellsfargo-security-update-paypal.club/login,phishing
http://wellsfargo-security-update-gift.ml/login,phishing
http://wellsfargo-security-update-secure.gq/login,phishing
http://apple-security-update-signin.click/login,phishing
http://netflix-security-update-update.work/login,phishing
http://netflix-security-update-update.loan/login,phishing
http://amazon-security-update-apple.loan/login,phishing
http://wellsfargo-security-update-gift.click/login,phishing
http://amazon-security-update-paypal.bid/login,phishing
http://amazon-security-update-paypal.top/login,phishing
http://wellsfargo-security-update-signin.club/login,phishing
http://apple-security-update-netflix.bid/login,phishing
http://netflix-security-update-refund.work/login,phishing
http://apple-security-update-apple.club/login,phishing
http://apple-security-update-login.ml/login,phishing
http://amazon-security-update-chase.click/login,phishing
http://wellsfargo-security-update-secure.work/login,phishing
http://wellsfargo-security-update-apple.club/login,phishing
http://wellsfargo-security-update-secure.ga/login,phishing
http://amazon-security-update-refund.bid/login,phishing
http://wellsfargo-security-update-free.bid/login,phishing
http://apple-security-update-paypal.bid/login,phishing
http://netflix-security-update-chase.bid/login,phishing
http://apple-security-update-gift.xyz/login,phishing
http://paypal-security-update-bank.ml/login,phishing
http://paypal-security-update-free.gq/login,phishing
http://paypal-security-update-chase.xyz/login,phishing
http://netflix-security-update-refund.tk/login,phishing
http://apple-security-update-refund.ml/login,phishing
http://netflix-security-update-chase.bid/login,phishing
http://paypal-security-update-bonus.top/login,phishing
http://wellsfargo-security-update-signin.bid/login,phishing
http://paypal-security-update-update.click/login,phishing
http://apple-security-update-apple.tk/login,phishing
http://amazon-security-update-netflix.tk/login,phishing
http://amazon-security-update-apple.tk/login,phishing
http://netflix-security-update-verify.click/login,phishing
http://amazon-security-update-secure.xyz/login,phishing
http://wellsfargo-security-update-chase.xyz/login,phishing
http://paypal-security-update-signin.ml/login,phishing
http://netflix-security-update-bonus.click/login,phishing
http://paypal-security-update-secure.gq/login,phishing
http://wellsfargo-security-update-login.click/login,phishing
http://paypal-security-update-verify.xyz/login,phishing
http://wellsfargo-security-update-verify.ga/login,phishing
http://netflix-security-update-update.club/login,phishing
http://amazon-security-update-free.gq/login,phishing
http://paypal-security-update-signin.work/login,phishing
http://wellsfargo-security-update-paypal.work/login,phishing
http://amazon-security-update-signin.info/login,phishing
http://amazon-security-update-verify.ga/login,phishing
http://netflix-security-update-login.click/login,phishing
http://paypal-security-update-gift.work/login,phishing
http://amazon-security-update-netflix.cf/login,phishing
http://amazon-security-update-refund.cf/login,phishing
http://paypal-security-update-update.xyz/login,phishing
http://apple-security-update-netflix.ga/login,phishing
http://apple-security-update-verify.bid/login,phishing
http://amazon-security-update-update.ga/login,phishing
http://paypal-security-update-bonus.info/login,phishing
http://paypal-security-update-signin.work/login,phishing
http://wellsfargo-security-update-update.gq/login,phishing
http://netflix-security-update-update.top/login,phishing
http://amazon-security-update-update.top/login,phishing
http://amazon-security-update-secure.bid/login,phishing
http://apple-security-update-verify.gq/login,phishing
http://amazon-security-update-bank.click/login,phishing
http://netflix-security-update-apple.work/login,phishing
http://amazon-security-update-paypal.info/login,phishing
http://apple-security-update-paypal.xyz/login,phishing
http://apple-security-update-refund.xyz/login,phishing
http://netflix-security-update-bonus.ml/login,phishing
http://wellsfargo-security-update-netflix.info/login,phishing
http://wellsfargo-security-update-refund.cf/login,phishing
http://amazon-security-update-verify.gq/login,phishing
http://wellsfargo-security-update-refund.ml/login,phishing
http://amazon-security-update-apple.bid/login,phishing
http://paypal-security-update-paypal.info/login,phishing
http://netflix-security-update-secure.xyz/login,phishing
http://apple-security-update-signin.loan/login,phishing
http://netflix-security-update-update.bid/login,phishing
http://apple-security-update-bonus.cf/login,phishing
http://wellsfargo-security-update-chase.ga/login,phishing
http://apple-security-update-gift.xyz/login,phishing
http://netflix-security-update-login.info/login,phishing
http://paypal-security-update-paypal.xyz/login,phishing
http://amazon-security-update-login.gq/login,phishing
http://amazon-security-update-login.tk/login,phishing
http://wellsfargo-security-update-netflix.ga/login,phishing
http://wellsfargo-security-update-bonus.club/login,phishing
http://wellsfargo-security-update-apple.click/login,phishing
http://netflix-security-update-paypal.xyz/login,phishing
http://apple-security-update-signin.loan/login,phishing
http://paypal-security-update-bank.info/login,phishing
http://wellsfargo-security-update-netflix.cf/login,phishing
http://paypal-security-update-chase.info/login,phishing
http://netflix-security-update-signin.cf/login,phishing
http://amazon-security-update-secure.gq/login,phishing
http://wellsfargo-security-update-apple.tk/login,phishing
http://paypal-security-update-gift.info/login,phishing
http://wellsfargo-security-update-signin.click/login,phishing
http://amazon-security-update-paypal.info/login,phishing
http://amazon-security-update-refund.click/login,phishing
http://wellsfargo-security-update-update.info/login,phishing
http://wellsfargo-security-update-signin.top/login,phishing
http://apple-security-update-secure.click/login,phishing
http://netflix-security-update-secure.info/login,phishing
http://paypal-security-update-bank.tk/login,phishing
http://apple-security-update-netflix.xyz/login,phishing
http://amazon-security-update-apple.xyz/login,phishing
http://wellsfargo-security-update-signin.bid/login,phishing
http://wellsfargo-security-update-verify.tk/login,phishing
http://paypal-security-update-apple.ml/login,phishing
http://amazon-security-update-netflix.gq/login,phishing
http://wellsfargo-security-update-chase.click/login,phishing
http://paypal-security-update-gift.top/login,phishing
http://wellsfargo-security-update-chase.click/login,phishing
http://wellsfargo-security-update-gift.top/login,phishing
http://netflix-security-update-netflix.info/login,phishing
http://wellsfargo-security-update-refund.ga/login,phishing
http://apple-security-update-gift.loan/login,phishing
http://apple-security-update-netflix.click/login,phishing
http://paypal-security-update-netflix.gq/login,phishing
http://netflix-security-update-bonus.work/login,phishing
http://wellsfargo-security-update-login.loan/login,phishing
http://paypal-security-update-update.bid/login,phishing
http://wellsfargo-security-update-gift.info/login,phishing
http://paypal-security-update-gift.click/login,phishing
http://paypal-security-update-bank.ga/login,phishing
http://apple-security-update-update.gq/login,phishing
http://paypal-security-update-netflix.loan/login,phishing
http://amazon-security-update-verify.top/login,phishing
http://netflix-security-update-secure.work/login,phishing
http://amazon-security-update-signin.tk/login,phishing
http://wellsfargo-security-update-apple.info/login,phishing
http://amazon-security-update-netflix.info/login,phishing
http://paypal-security-update-chase.cf/login,phishing
http://amazon-security-update-paypal.ga/login,phishing
http://amazon-security-update-signin.club/login,phishing
http://apple-security-update-update.xyz/login,phishing
http://paypal-security-update-apple.gq/login,phishing
http://amazon-security-update-update.bid/login,phishing
http://amazon-security-update-signin.click/login,phishing
http://apple-security-update-update.tk/login,phishing
http://apple-security-update-bonus.cf/login,phishing
http://amazon-security-update-secure.gq/login,phishing
http://amazon-security-update-gift.xyz/login,phishing
http://apple-security-update-free.tk/login,phishing
http://amazon-security-update-update.top/login,phishing
http://paypal-security-update-apple.ml/login,phishing
http://paypal-security-update-bank.info/login,phishing
http://netflix-security-update-login.ml/login,phishing
http://wellsfargo-security-update-chase.club/login,phishing
http://wellsfargo-security-update-refund.work/login,phishing
http://paypal-security-update-apple.xyz/login,phishing
http://wellsfargo-security-update-verify.xyz/login,phishing
http://amazon-security-update-netflix.top/login,phishing
http://amazon-security-update-netflix.info/login,phishing
http://paypal-security-update-chase.info/login,phishing
http://netflix-security-update-login.cf/login,phishing
http://wellsfargo-security-update-refund.ga/login,phishing
http://apple-security-update-paypal.xyz/login,phishing
http://netflix-security-update-verify.top/login,phishing
http://apple-security-update-refund.xyz/login,phishing
http://netflix-security-update-bonus.club/login,phishing
http://apple-security-update-secure.gq/login,phishing
http://amazon-security-update-bonus.bid/login,phishing
http://apple-security-update-secure.work/login,phishing
http://apple-security-update-signin.work/login,phishing
http://amazon-security-update-bonus.tk/login,phishing
http://netflix-security-update-netflix.xyz/login,phishing
http://wellsfargo-security-update-secure.xyz/login,phishing
http://paypal-security-update-refund.cf/login,phishing
http://netflix-security-update-refund.work/login,phishing
http://paypal-security-update-free.club/login,phishing
http://paypal-security-update-signin.bid/login,phishing
http://netflix-security-update-bonus.xyz/login,phishing
http://amazon-security-update-refund.cf/login,phishing
http://wellsfargo-security-update-signin.xyz/login,phishing
http://apple-security-update-chase.loan/login,phishing
http://paypal-security-update-secure.info/login,phishing
http://amazon-security-update-secure.ml/login,phishing
http://wellsfargo-security-update-login.ml/login,phishing
http://wellsfargo-security-update-bonus.bid/login,phishing
http://wellsfargo-security-update-free.club/login,phishing
http://wellsfargo-security-update-gift.loan/login,phishing
http://netflix-security-update-gift.click/login,phishing
http://netflix-security-update-chase.click/login,phishing
http://wellsfargo-security-update-free.cf/login,phishing
http://wellsfargo-security-update-refund.club/login,phishing
http://wellsfargo-security-update-secure.loan/login,phishing
http://amazon-security-update-gift.click/login,phishing
http://paypal-security-update-apple.work/login,phishing
http://apple-security-update-chase.click/login,phishing
http://wellsfargo-security-update-update.top/login,phishing
http://paypal-security-update-refund.ga/login,phishing
http://amazon-security-update-free.club/login,phishing
http://paypal-security-update-bonus.work/login,phishing
http://paypal-security-update-secure.gq/login,phishing
http://amazon-security-update-refund.ml/login,phishing
http://wellsfargo-security-update-bank.club/login,phishing
http://amazon-security-update-paypal.bid/login,phishing
http://paypal-security-update-chase.click/login,phishing
http://wellsfargo-security-update-paypal.loan/login,phishing
http://paypal-security-update-update.ga/login,phishing
http://apple-security-update-chase.cf/login,phishing
http://amazon-security-update-gift.cf/login,phishing
http://netflix-security-update-gift.gq/login,phishing
http://apple-security-update-refund.tk/login,phishing
http://amazon-security-update-netflix.gq/login,phishing
http://paypal-security-update-secure.ml/login,phishing
http://netflix-security-update-update.ml/login,phishing
http://amazon-security-update-update.info/login,phishing
http://amazon-security-update-gift.ga/login,phishing
http://apple-security-update-secure.work/login,phishing
http://paypal-security-update-signin.club/login,phishing
http://amazon-security-update-signin.info/login,phishing
http://amazon-security-update-free.gq/login,phishing
http://amazon-security-update-paypal.xyz/login,phishing
http://apple-security-update-apple.tk/login,phishing
http://apple-security-update-verify.cf/login,phishing
http://apple-security-update-netflix.info/login,phishing
http://netflix-security-update-verify.xyz/login,phishing
http://wellsfargo-security-update-verify.club/login,phishing
http://apple-security-update-login.info/login,phishing
http://amazon-security-update-paypal.xyz/login,phishing
http://paypal-security-update-refund.cf/login,phishing
http://netflix-security-update-secure.bid/login,phishing
http://wellsfargo-security-update-netflix.work/login,phishing
http://apple-security-update-free.gq/login,phishing
http://amazon-security-update-gift.ga/login,phishing
http://wellsfargo-security-update-verify.info/login,phishing
http://amazon-security-update-chase.ga/login,phishing
http://amazon-security-update-login.xyz/login,phishing
http://apple-security-update-refund.cf/login,phishing
http://netflix-security-update-signin.gq/login,phishing
http://netflix-security-update-refund.info/login,phishing
http://netflix-security-update-verify.top/login,phishing
http://wellsfargo-security-update-chase.work/login,phishing
http://netflix-security-update-gift.tk/login,phishing
http://wellsfargo-security-update-netflix.loan/login,phishing
http://paypal-security-update-apple.ml/login,phishing
http://amazon-security-update-gift.top/login,phishing
http://apple-security-update-bonus.ml/login,phishing
http://wellsfargo-security-update-gift.loan/login,phishing
http://apple-security-update-bonus.cf/login,phishing
http://wellsfargo-security-update-paypal.gq/login,phishing
http://netflix-security-update-secure.top/login,phishing
http://netflix-security-update-gift.club/login,phishing
http://netflix-security-update-secure.bid/login,phishing
http://paypal-security-update-chase.info/login,phishing
http://wellsfargo-security-update-refund.ga/login,phishing
http://wellsfargo-security-update-bonus.gq/login,phishing
http://netflix-security-update-signin.ml/login,phishing
http://netflix-security-update-update.cf/login,phishing
http://netflix-security-update-free.club/login,phishing
http://apple-security-update-apple.loan/login,phishing
http://apple-security-update-netflix.bid/login,phishing
http://amazon-security-update-bonus.click/login,phishing
http://paypal-security-update-gift.tk/login,phishing
http://amazon-security-update-gift.bid/login,phishing
http://netflix-security-update-signin.loan/login,phishing
http://paypal-security-update-update.work/login,phishing
http://apple-security-update-refund.work/login,phishing
http://netflix-security-update-bank.click/login,phishing
http://netflix-security-update-free.work/login,phishing
http://apple-security-update-gift.cf/login,phishing
http://netflix-security-update-login.tk/login,phishing
http://wellsfargo-security-update-update.loan/login,phishing
http://amazon-security-update-apple.gq/login,phishing
http://wellsfargo-security-update-refund.ga/login,phishing
http://wellsfargo-security-update-gift.work/login,phishing
