label,text
ham,"Hey, are we still meeting for lunch today at 12:30?"
ham,Can you please send me the report by the end of the day? Thanks.
ham,Just wanted to follow up on our discussion yesterday. Let me know when you're free.
ham,I'll be home in about 20 minutes. Please make sure the oven is preheated.
ham,"Hi team, here is the agenda for tomorrow's weekly sync meeting."
ham,Your package has been delivered to your front porch. Have a great day!
ham,Are you free for a quick call to review the design designs?
ham,Thanks for the update. I'll review it and get back to you shortly.
ham,"Hi Mom, just calling to say I love you and check how you are doing."
ham,Can you pick up some milk and eggs on your way back from work?
ham,"The weather is lovely today, we should go for a walk in the evening."
ham,Your dentist appointment is confirmed for Tuesday at 10:00 AM.
ham,Hey! Don't forget we have band practice tonight at 7.
ham,Please find attached the receipt for your recent purchase at the grocery store.
ham,"Hi, I noticed a typo on slide 5 of the presentation, can you fix it?"
ham,Let's reschedule the coffee chat to Friday if that works better for you.
ham,"Yes, I can help you move your couch this weekend. Just let me know the time."
ham,The meeting has been moved to room 302 due to technical issues in the main hall.
ham,Your subscription payment was processed successfully. Thank you for your business.
ham,"Hey buddy, happy birthday! Hope you have an amazing day!"
spam,CONGRATULATIONS! You have won a free $1000 Walmart gift card! Claim your prize now at http://win-walmart.xyz
spam,URGENT: Your mobile account has outstanding charges. Pay now to avoid suspension: http://pay-fees.top
spam,You have been selected for a work from home job! Earn $500/day. Apply now at http://job-offers.club
spam,FREE ENTRY! Text WIN to 80090 to enter our weekly cash draw and win £5000! T&C apply.
spam,Your package could not be delivered due to an incomplete address. Update here: http://post-office-redelivery.info
spam,Loan approved! Get up to $5000 in your bank account today. No credit check! Click http://cash-advance.bid
spam,URGENT: Standard Chartered Alert! Unusual activity detected. Verify your details now: http://sc-safe.com
spam,Private Msg: We are trying to contact you regarding your unclaimed PPI compensation of £3000. Reply CLAIM.
spam,Dating Alert: 1 new message from Sarah! She is nearby. View her profile here: http://sarah-chat.xyz
spam,Your bank account has been locked due to suspicious login. Verify identity here: http://secure-bank-login.xyz
ham,"Hello, Are you free for a quick call to review the design designs?"
spam,"Hey, Dating Alert: 1 new message from Sarah! She is nearby. View her profile here: http://sarah-chat.xyz Click details."
ham,Urgent: The meeting has been moved to room 302 due to technical issues in the main hall. Thank you.
spam,"Hello, Your bank account has been locked due to suspicious login. Verify identity here: http://secure-bank-login.xyz"
spam,"Hey, URGENT: Your mobile account has outstanding charges. Pay now to avoid suspension: http://pay-fees.top Visit now."
ham,Urgent: Your package has been delivered to your front porch. Have a great day! Reply ASAP.
ham,"Urgent: Hi team, here is the agenda for tomorrow's weekly sync meeting."
spam,Warning: FREE ENTRY! Text WIN to 80090 to enter our weekly cash draw and win £5000! T&C apply. Thank you.
ham,"Hey, Just wanted to follow up on our discussion yesterday. Let me know when you're free. Code: 7601"
spam,"Hey, Your package could not be delivered due to an incomplete address. Update here: http://post-office-redelivery.info Code: 6652"
spam,"Dear, URGENT: Your mobile account has outstanding charges. Pay now to avoid suspension: http://pay-fees.top Thank you."
ham,"Hey, Let's reschedule the coffee chat to Friday if that works better for you. Code: 4983"
ham,"Hello, Hi, I noticed a typo on slide 5 of the presentation, can you fix it? Thank you."
spam,Dating Alert: 1 new message from Sarah! She is nearby. View her profile here: http://sarah-chat.xyz
spam,Urgent: Dating Alert: 1 new message from Sarah! She is nearby. View her profile here: http://sarah-chat.xyz Code: 5912
ham,"Hello, I'll be home in about 20 minutes. Please make sure the oven is preheated. Visit now."
ham,"Hey, Hey buddy, happy birthday! Hope you have an amazing day! Reply ASAP."
spam,Hi! FREE ENTRY! Text WIN to 80090 to enter our weekly cash draw and win £5000! T&C apply. Click details.
spam,Hi! Your bank account has been locked due to suspicious login. Verify identity here: http://secure-bank-login.xyz Reply ASAP.
spam,"Dear, Dating Alert: 1 new message from Sarah! She is nearby. View her profile here: http://sarah-chat.xyz Visit now."
ham,Warning: Your package has been delivered to your front porch. Have a great day! Reply ASAP.
spam,Warning: Your package could not be delivered due to an incomplete address. Update here: http://post-office-redelivery.info Code: 6231
ham,Warning: Can you please send me the report by the end of the day? Thanks. Click details.
spam,Warning: FREE ENTRY! Text WIN to 80090 to enter our weekly cash draw and win £5000! T&C apply. Visit now.
ham,Hi! Your subscription payment was processed successfully. Thank you for your business. Visit now.
ham,"Dear, Hi, I noticed a typo on slide 5 of the presentation, can you fix it?"
spam,Dating Alert: 1 new message from Sarah! She is nearby. View her profile here: http://sarah-chat.xyz
ham,"Hey, Let's reschedule the coffee chat to Friday if that works better for you. Thank you."
spam,"Dear, URGENT: Your mobile account has outstanding charges. Pay now to avoid suspension: http://pay-fees.top Click details."
ham,"Urgent: Hi Mom, just calling to say I love you and check how you are doing. Reply ASAP."
spam,"Hey, Your package could not be delivered due to an incomplete address. Update here: http://post-office-redelivery.info"
ham,"Hello, Let's reschedule the coffee chat to Friday if that works better for you. Code: 1347"
spam,"Hello, FREE ENTRY! Text WIN to 80090 to enter our weekly cash draw and win £5000! T&C apply. Thank you."
spam,Warning: FREE ENTRY! Text WIN to 80090 to enter our weekly cash draw and win £5000! T&C apply. Click details.
ham,Warning: Thanks for the update. I'll review it and get back to you shortly. Reply ASAP.
ham,Can you please send me the report by the end of the day? Thanks. Visit now.
spam,"Hey, You have been selected for a work from home job! Earn $500/day. Apply now at http://job-offers.club Click details."
ham,Your dentist appointment is confirmed for Tuesday at 10:00 AM. Thank you.
ham,"Dear, Hi, I noticed a typo on slide 5 of the presentation, can you fix it? Click details."
ham,Warning: Are you free for a quick call to review the design designs? Thank you.
spam,Urgent: Your bank account has been locked due to suspicious login. Verify identity here: http://secure-bank-login.xyz Thank you.
spam,Your package could not be delivered due to an incomplete address. Update here: http://post-office-redelivery.info Reply ASAP.
ham,"Warning: Hi team, here is the agenda for tomorrow's weekly sync meeting. Thank you."
spam,Urgent: URGENT: Your mobile account has outstanding charges. Pay now to avoid suspension: http://pay-fees.top Click details.
spam,Hi! Loan approved! Get up to $5000 in your bank account today. No credit check! Click http://cash-advance.bid Thank you.
spam,"Hello, URGENT: Your mobile account has outstanding charges. Pay now to avoid suspension: http://pay-fees.top Reply ASAP."
ham,"Urgent: Yes, I can help you move your couch this weekend. Just let me know the time. Reply ASAP."
spam,"Dear, URGENT: Your mobile account has outstanding charges. Pay now to avoid suspension: http://pay-fees.top Visit now."
spam,URGENT: Your mobile account has outstanding charges. Pay now to avoid suspension: http://pay-fees.top Visit now.
spam,"Hey, FREE ENTRY! Text WIN to 80090 to enter our weekly cash draw and win £5000! T&C apply."
spam,Hi! URGENT: Your mobile account has outstanding charges. Pay now to avoid suspension: http://pay-fees.top Code: 8464
spam,Warning: CONGRATULATIONS! You have won a free $1000 Walmart gift card! Claim your prize now at http://win-walmart.xyz Click details.
spam,Urgent: FREE ENTRY! Text WIN to 80090 to enter our weekly cash draw and win £5000! T&C apply.
ham,"The weather is lovely today, we should go for a walk in the evening."
ham,"Warning: Yes, I can help you move your couch this weekend. Just let me know the time. Code: 1447"
ham,Can you pick up some milk and eggs on your way back from work? Visit now.
spam,Urgent: Dating Alert: 1 new message from Sarah! She is nearby. View her profile here: http://sarah-chat.xyz
ham,"Hey, Hey, are we still meeting for lunch today at 12:30? Reply ASAP."
spam,Hi! Loan approved! Get up to $5000 in your bank account today. No credit check! Click http://cash-advance.bid Reply ASAP.
spam,Urgent: URGENT: Standard Chartered Alert! Unusual activity detected. Verify your details now: http://sc-safe.com
spam,Urgent: URGENT: Standard Chartered Alert! Unusual activity detected. Verify your details now: http://sc-safe.com Reply ASAP.
spam,"Hey, Your bank account has been locked due to suspicious login. Verify identity here: http://secure-bank-login.xyz Reply ASAP."
spam,"Hey, Dating Alert: 1 new message from Sarah! She is nearby. View her profile here: http://sarah-chat.xyz"
spam,Urgent: Your package could not be delivered due to an incomplete address. Update here: http://post-office-redelivery.info Thank you.
ham,Warning: Just wanted to follow up on our discussion yesterday. Let me know when you're free. Reply ASAP.
ham,"Hi Mom, just calling to say I love you and check how you are doing."
spam,"Dear, FREE ENTRY! Text WIN to 80090 to enter our weekly cash draw and win £5000! T&C apply. Code: 8166"
spam,Warning: URGENT: Standard Chartered Alert! Unusual activity detected. Verify your details now: http://sc-safe.com Reply ASAP.
ham,Urgent: Let's reschedule the coffee chat to Friday if that works better for you. Click details.
spam,"Dear, Loan approved! Get up to $5000 in your bank account today. No credit check! Click http://cash-advance.bid Code: 1857"
ham,Warning: The meeting has been moved to room 302 due to technical issues in the main hall.
ham,Your dentist appointment is confirmed for Tuesday at 10:00 AM. Reply ASAP.
spam,URGENT: Standard Chartered Alert! Unusual activity detected. Verify your details now: http://sc-safe.com Code: 9958
spam,You have been selected for a work from home job! Earn $500/day. Apply now at http://job-offers.club Thank you.
spam,"Hello, Your package could not be delivered due to an incomplete address. Update here: http://post-office-redelivery.info Thank you."
spam,"Hey, Loan approved! Get up to $5000 in your bank account today. No credit check! Click http://cash-advance.bid Code: 7837"
ham,"Hey buddy, happy birthday! Hope you have an amazing day!"
spam,"Dear, Private Msg: We are trying to contact you regarding your unclaimed PPI compensation of £3000. Reply CLAIM."
ham,"Hey, Hi team, here is the agenda for tomorrow's weekly sync meeting. Reply ASAP."
ham,"Hello, The meeting has been moved to room 302 due to technical issues in the main hall. Visit now."
ham,"Hey, Hi team, here is the agenda for tomorrow's weekly sync meeting. Click details."
ham,"Hey, Your package has been delivered to your front porch. Have a great day! Thank you."
spam,Your package could not be delivered due to an incomplete address. Update here: http://post-office-redelivery.info Reply ASAP.
ham,"Hey, Just wanted to follow up on our discussion yesterday. Let me know when you're free. Visit now."
spam,"Dear, CONGRATULATIONS! You have won a free $1000 Walmart gift card! Claim your prize now at http://win-walmart.xyz Thank you."
spam,Urgent: Your bank account has been locked due to suspicious login. Verify identity here: http://secure-bank-login.xyz Thank you.
spam,"Hello, CONGRATULATIONS! You have won a free $1000 Walmart gift card! Claim your prize now at http://win-walmart.xyz Code: 4380"
ham,Hi! Let's reschedule the coffee chat to Friday if that works better for you.
ham,"Urgent: Hi team, here is the agenda for tomorrow's weekly sync meeting. Reply ASAP."
spam,Urgent: Your bank account has been locked due to suspicious login. Verify identity here: http://secure-bank-login.xyz Code: 8358
ham,The meeting has been moved to room 302 due to technical issues in the main hall. Code: 2549
ham,Warning: Just wanted to follow up on our discussion yesterday. Let me know when you're free. Visit now.
spam,Dating Alert: 1 new message from Sarah! She is nearby. View her profile here: http://sarah-chat.xyz Code: 9140
spam,"Dear, Loan approved! Get up to $5000 in your bank account today. No credit check! Click http://cash-advance.bid Code: 4083"
spam,"Hey, Loan approved! Get up to $5000 in your bank account today. No credit check! Click http://cash-advance.bid"
spam,Urgent: Loan approved! Get up to $5000 in your bank account today. No credit check! Click http://cash-advance.bid
spam,Private Msg: We are trying to contact you regarding your unclaimed PPI compensation of £3000. Reply CLAIM. Visit now.
ham,"Hello, I'll be home in about 20 minutes. Please make sure the oven is preheated. Code: 8002"
spam,"Hello, FREE ENTRY! Text WIN to 80090 to enter our weekly cash draw and win £5000! T&C apply. Code: 3961"
ham,Warning: The meeting has been moved to room 302 due to technical issues in the main hall. Click details.
ham,Warning: Let's reschedule the coffee chat to Friday if that works better for you. Thank you.
ham,Warning: The meeting has been moved to room 302 due to technical issues in the main hall. Code: 8183
ham,"Hey, Yes, I can help you move your couch this weekend. Just let me know the time. Code: 8260"
spam,"Hey, You have been selected for a work from home job! Earn $500/day. Apply now at http://job-offers.club Visit now."
ham,Urgent: Let's reschedule the coffee chat to Friday if that works better for you. Reply ASAP.
ham,"Hey, Just wanted to follow up on our discussion yesterday. Let me know when you're free. Code: 3542"
spam,Warning: Private Msg: We are trying to contact you regarding your unclaimed PPI compensation of £3000. Reply CLAIM. Reply ASAP.
ham,Hi! Your package has been delivered to your front porch. Have a great day! Visit now.
ham,"Hello, I'll be home in about 20 minutes. Please make sure the oven is preheated. Click details."
spam,"Dear, URGENT: Your mobile account has outstanding charges. Pay now to avoid suspension: http://pay-fees.top"
ham,"Dear, Hi team, here is the agenda for tomorrow's weekly sync meeting. Reply ASAP."
spam,"Hello, You have been selected for a work from home job! Earn $500/day. Apply now at http://job-offers.club Visit now."
ham,"Urgent: Hey buddy, happy birthday! Hope you have an amazing day!"
ham,"Hello, Yes, I can help you move your couch this weekend. Just let me know the time."
spam,"Hello, Your package could not be delivered due to an incomplete address. Update here: http://post-office-redelivery.info Thank you."
ham,Warning: Hey! Don't forget we have band practice tonight at 7. Click details.
spam,"Hey, CONGRATULATIONS! You have won a free $1000 Walmart gift card! Claim your prize now at http://win-walmart.xyz Visit now."
ham,"Urgent: The weather is lovely today, we should go for a walk in the evening. Visit now."
ham,"Hi! Hey, are we still meeting for lunch today at 12:30? Click details."
ham,Urgent: Thanks for the update. I'll review it and get back to you shortly. Thank you.
spam,Urgent: Your package could not be delivered due to an incomplete address. Update here: http://post-office-redelivery.info Visit now.
spam,Warning: CONGRATULATIONS! You have won a free $1000 Walmart gift card! Claim your prize now at http://win-walmart.xyz Click details.
ham,Urgent: I'll be home in about 20 minutes. Please make sure the oven is preheated.
spam,"Hey, Your package could not be delivered due to an incomplete address. Update here: http://post-office-redelivery.info"
ham,"Hey, I'll be home in about 20 minutes. Please make sure the oven is preheated."
ham,"Hey, are we still meeting for lunch today at 12:30? Reply ASAP."
ham,"Dear, Hey! Don't forget we have band practice tonight at 7. Visit now."
ham,Thanks for the update. I'll review it and get back to you shortly. Reply ASAP.
ham,"Dear, The weather is lovely today, we should go for a walk in the evening. Code: 9373"
spam,"Hello, URGENT: Standard Chartered Alert! Unusual activity detected. Verify your details now: http://sc-safe.com Click details."
ham,"Hello, Please find attached the receipt for your recent purchase at the grocery store. Click details."
ham,"Hello, Let's reschedule the coffee chat to Friday if that works better for you. Click details."
spam,Hi! Your package could not be delivered due to an incomplete address. Update here: http://post-office-redelivery.info Visit now.
ham,"Hi Mom, just calling to say I love you and check how you are doing. Visit now."
ham,"Dear, Hey buddy, happy birthday! Hope you have an amazing day! Click details."
ham,"Hey, Let's reschedule the coffee chat to Friday if that works better for you. Reply ASAP."
spam,"Hey, Your package could not be delivered due to an incomplete address. Update here: http://post-office-redelivery.info Code: 3329"
spam,FREE ENTRY! Text WIN to 80090 to enter our weekly cash draw and win £5000! T&C apply. Click details.
spam,URGENT: Standard Chartered Alert! Unusual activity detected. Verify your details now: http://sc-safe.com Reply ASAP.
ham,"Urgent: Hi Mom, just calling to say I love you and check how you are doing. Thank you."
spam,Warning: URGENT: Your mobile account has outstanding charges. Pay now to avoid suspension: http://pay-fees.top Visit now.
ham,Urgent: Can you pick up some milk and eggs on your way back from work? Code: 9257
spam,"Dear, Private Msg: We are trying to contact you regarding your unclaimed PPI compensation of £3000. Reply CLAIM. Code: 8716"
spam,"Hey, You have been selected for a work from home job! Earn $500/day. Apply now at http://job-offers.club Reply ASAP."
ham,"Hi! Yes, I can help you move your couch this weekend. Just let me know the time."
ham,Warning: Your dentist appointment is confirmed for Tuesday at 10:00 AM. Click details.
ham,"Hey, Your package has been delivered to your front porch. Have a great day! Visit now."
spam,Urgent: Your bank account has been locked due to suspicious login. Verify identity here: http://secure-bank-login.xyz Code: 8191
ham,Hi! Are you free for a quick call to review the design designs? Code: 3789
spam,"Dear, CONGRATULATIONS! You have won a free $1000 Walmart gift card! Claim your prize now at http://win-walmart.xyz Code: 6102"
ham,Hi! Your package has been delivered to your front porch. Have a great day!
ham,"The weather is lovely today, we should go for a walk in the evening."
spam,"Hello, FREE ENTRY! Text WIN to 80090 to enter our weekly cash draw and win £5000! T&C apply. Click details."
spam,"Hey, Your package could not be delivered due to an incomplete address. Update here: http://post-office-redelivery.info Code: 6211"
ham,"Warning: The weather is lovely today, we should go for a walk in the evening. Click details."
ham,"Warning: The weather is lovely today, we should go for a walk in the evening. Visit now."
ham,Warning: Your package has been delivered to your front porch. Have a great day! Click details.
spam,Urgent: Loan approved! Get up to $5000 in your bank account today. No credit check! Click http://cash-advance.bid Visit now.
ham,Please find attached the receipt for your recent purchase at the grocery store. Code: 7560
spam,Urgent: URGENT: Standard Chartered Alert! Unusual activity detected. Verify your details now: http://sc-safe.com Thank you.
ham,"Hey, Your package has been delivered to your front porch. Have a great day!"
spam,"Hello, Your package could not be delivered due to an incomplete address. Update here: http://post-office-redelivery.info Visit now."
ham,"Urgent: The weather is lovely today, we should go for a walk in the evening."
spam,"Hey, Your bank account has been locked due to suspicious login. Verify identity here: http://secure-bank-login.xyz"
spam,Urgent: Loan approved! Get up to $5000 in your bank account today. No credit check! Click http://cash-advance.bid Visit now.
ham,Warning: Can you pick up some milk and eggs on your way back from work?
spam,Urgent: Dating Alert: 1 new message from Sarah! She is nearby. View her profile here: http://sarah-chat.xyz Code: 8005
ham,Your subscription payment was processed successfully. Thank you for your business. Code: 4942
ham,"Hey, I'll be home in about 20 minutes. Please make sure the oven is preheated. Thank you."
spam,"Hey, You have been selected for a work from home job! Earn $500/day. Apply now at http://job-offers.club Click details."
ham,"Hello, I'll be home in about 20 minutes. Please make sure the oven is preheated. Reply ASAP."
ham,Your subscription payment was processed successfully. Thank you for your business. Visit now.
spam,Hi! Your bank account has been locked due to suspicious login. Verify identity here: http://secure-bank-login.xyz Click details.
spam,"Hello, Private Msg: We are trying to contact you regarding your unclaimed PPI compensation of £3000. Reply CLAIM. Visit now."
spam,Hi! URGENT: Your mobile account has outstanding charges. Pay now to avoid suspension: http://pay-fees.top Reply ASAP.
ham,Urgent: Your dentist appointment is confirmed for Tuesday at 10:00 AM. Reply ASAP.
ham,Let's reschedule the coffee chat to Friday if that works better for you. Visit now.
spam,"Hey, Loan approved! Get up to $5000 in your bank account today. No credit check! Click http://cash-advance.bid Click details."
spam,Urgent: CONGRATULATIONS! You have won a free $1000 Walmart gift card! Claim your prize now at http://win-walmart.xyz
spam,"Dear, Your package could not be delivered due to an incomplete address. Update here: http://post-office-redelivery.info Reply ASAP."
spam,Urgent: CONGRATULATIONS! You have won a free $1000 Walmart gift card! Claim your prize now at http://win-walmart.xyz Code: 2759
spam,Loan approved! Get up to $5000 in your bank account today. No credit check! Click http://cash-advance.bid
ham,"Hello, Let's reschedule the coffee chat to Friday if that works better for you. Reply ASAP."
spam,Your package could not be delivered due to an incomplete address. Update here: http://post-office-redelivery.info
spam,Warning: Your package could not be delivered due to an incomplete address. Update here: http://post-office-redelivery.info Reply ASAP.
ham,"Warning: Hi Mom, just calling to say I love you and check how you are doing. Thank you."
spam,Urgent: Dating Alert: 1 new message from Sarah! She is nearby. View her profile here: http://sarah-chat.xyz Visit now.
ham,Hi! Let's reschedule the coffee chat to Friday if that works better for you. Code: 7809
spam,"Hello, You have been selected for a work from home job! Earn $500/day. Apply now at http://job-offers.club Visit now."
spam,"Hello, URGENT: Standard Chartered Alert! Unusual activity detected. Verify your details now: http://sc-safe.com Visit now."
spam,"Dear, URGENT: Standard Chartered Alert! Unusual activity detected. Verify your details now: http://sc-safe.com Visit now."
spam,URGENT: Your mobile account has outstanding charges. Pay now to avoid suspension: http://pay-fees.top Reply ASAP.
spam,"Hey, You have been selected for a work from home job! Earn $500/day. Apply now at http://job-offers.club"
spam,"Hello, Your bank account has been locked due to suspicious login. Verify identity here: http://secure-bank-login.xyz Code: 6343"
ham,"Hello, Your package has been delivered to your front porch. Have a great day! Visit now."
spam,Warning: CONGRATULATIONS! You have won a free $1000 Walmart gift card! Claim your prize now at http://win-walmart.xyz Reply ASAP.
ham,"Warning: The weather is lovely today, we should go for a walk in the evening."
ham,Warning: Your subscription payment was processed successfully. Thank you for your business. Reply ASAP.
ham,"Dear, Can you please send me the report by the end of the day? Thanks. Visit now."
spam,"Hello, Your package could not be delivered due to an incomplete address. Update here: http://post-office-redelivery.info Visit now."
spam,"Hello, Dating Alert: 1 new message from Sarah! She is nearby. View her profile here: http://sarah-chat.xyz Reply ASAP."
spam,"Hello, You have been selected for a work from home job! Earn $500/day. Apply now at http://job-offers.club Code: 9274"
ham,"Hello, The meeting has been moved to room 302 due to technical issues in the main hall. Code: 3139"
spam,"Hey, Your package could not be delivered due to an incomplete address. Update here: http://post-office-redelivery.info"
spam,Urgent: FREE ENTRY! Text WIN to 80090 to enter our weekly cash draw and win £5000! T&C apply. Thank you.
spam,Warning: You have been selected for a work from home job! Earn $500/day. Apply now at http://job-offers.club Code: 3358
spam,"Hello, CONGRATULATIONS! You have won a free $1000 Walmart gift card! Claim your prize now at http://win-walmart.xyz Visit now."
spam,URGENT: Standard Chartered Alert! Unusual activity detected. Verify your details now: http://sc-safe.com Thank you.
ham,Warning: I'll be home in about 20 minutes. Please make sure the oven is preheated. Reply ASAP.
ham,Urgent: Can you pick up some milk and eggs on your way back from work? Thank you.
ham,Hi! I'll be home in about 20 minutes. Please make sure the oven is preheated. Reply ASAP.
ham,Your package has been delivered to your front porch. Have a great day! Reply ASAP.
spam,"Hey, URGENT: Your mobile account has outstanding charges. Pay now to avoid suspension: http://pay-fees.top"
spam,Hi! URGENT: Your mobile account has outstanding charges. Pay now to avoid suspension: http://pay-fees.top Visit now.
ham,Your dentist appointment is confirmed for Tuesday at 10:00 AM. Reply ASAP.
spam,"Dear, URGENT: Your mobile account has outstanding charges. Pay now to avoid suspension: http://pay-fees.top"
spam,Hi! Private Msg: We are trying to contact you regarding your unclaimed PPI compensation of £3000. Reply CLAIM. Thank you.
spam,"Hey, Private Msg: We are trying to contact you regarding your unclaimed PPI compensation of £3000. Reply CLAIM. Code: 8518"
spam,Warning: URGENT: Your mobile account has outstanding charges. Pay now to avoid suspension: http://pay-fees.top Visit now.
spam,"Hello, Your bank account has been locked due to suspicious login. Verify identity here: http://secure-bank-login.xyz"
spam,FREE ENTRY! Text WIN to 80090 to enter our weekly cash draw and win £5000! T&C apply.
spam,Hi! Dating Alert: 1 new message from Sarah! She is nearby. View her profile here: http://sarah-chat.xyz
ham,"Hello, Just wanted to follow up on our discussion yesterday. Let me know when you're free."
spam,"Dear, Loan approved! Get up to $5000 in your bank account today. No credit check! Click http://cash-advance.bid Reply ASAP."
ham,Are you free for a quick call to review the design designs?
spam,Hi! Dating Alert: 1 new message from Sarah! She is nearby. View her profile here: http://sarah-chat.xyz
ham,"Dear, Thanks for the update. I'll review it and get back to you shortly. Thank you."
spam,"Hello, You have been selected for a work from home job! Earn $500/day. Apply now at http://job-offers.club Reply ASAP."
ham,Just wanted to follow up on our discussion yesterday. Let me know when you're free. Reply ASAP.
ham,Warning: Let's reschedule the coffee chat to Friday if that works better for you. Visit now.
spam,Hi! FREE ENTRY! Text WIN to 80090 to enter our weekly cash draw and win £5000! T&C apply. Click details.
spam,Urgent: CONGRATULATIONS! You have won a free $1000 Walmart gift card! Claim your prize now at http://win-walmart.xyz Code: 1231
spam,"Hey, You have been selected for a work from home job! Earn $500/day. Apply now at http://job-offers.club Visit now."
ham,Are you free for a quick call to review the design designs? Thank you.
spam,"Hey, URGENT: Your mobile account has outstanding charges. Pay now to avoid suspension: http://pay-fees.top"
ham,Thanks for the update. I'll review it and get back to you shortly. Visit now.
ham,Hi! Please find attached the receipt for your recent purchase at the grocery store. Visit now.
ham,Let's reschedule the coffee chat to Friday if that works better for you. Thank you.
ham,"Hello, Hey buddy, happy birthday! Hope you have an amazing day! Click details."
spam,Private Msg: We are trying to contact you regarding your unclaimed PPI compensation of £3000. Reply CLAIM. Reply ASAP.
spam,URGENT: Your mobile account has outstanding charges. Pay now to avoid suspension: http://pay-fees.top Thank you.
ham,"Dear, The meeting has been moved to room 302 due to technical issues in the main hall. Thank you."
spam,Warning: Dating Alert: 1 new message from Sarah! She is nearby. View her profile here: http://sarah-chat.xyz Code: 1177
spam,Your bank account has been locked due to suspicious login. Verify identity here: http://secure-bank-login.xyz Thank you.
spam,"Dear, Loan approved! Get up to $5000 in your bank account today. No credit check! Click http://cash-advance.bid Visit now."
spam,URGENT: Your mobile account has outstanding charges. Pay now to avoid suspension: http://pay-fees.top
spam,"Dear, CONGRATULATIONS! You have won a free $1000 Walmart gift card! Claim your prize now at http://win-walmart.xyz Visit now."
ham,"Dear, Yes, I can help you move your couch this weekend. Just let me know the time. Visit now."
ham,"Hey, Can you please send me the report by the end of the day? Thanks. Visit now."
spam,FREE ENTRY! Text WIN to 80090 to enter our weekly cash draw and win £5000! T&C apply. Code: 1967
ham,"Hey, Can you please send me the report by the end of the day? Thanks. Thank you."
ham,"Warning: Hi Mom, just calling to say I love you and check how you are doing. Thank you."
spam,Warning: Your package could not be delivered due to an incomplete address. Update here: http://post-office-redelivery.info Code: 1358
ham,Urgent: I'll be home in about 20 minutes. Please make sure the oven is preheated. Code: 7754
ham,"Hello, Hey buddy, happy birthday! Hope you have an amazing day! Click details."
spam,Warning: You have been selected for a work from home job! Earn $500/day. Apply now at http://job-offers.club Code: 4857
spam,"Hello, You have been selected for a work from home job! Earn $500/day. Apply now at http://job-offers.club Code: 8311"
ham,"Hello, Your package has been delivered to your front porch. Have a great day! Thank you."
spam,Hi! URGENT: Standard Chartered Alert! Unusual activity detected. Verify your details now: http://sc-safe.com Reply ASAP.
ham,"Hi Mom, just calling to say I love you and check how you are doing."
ham,"Hi! Hi, I noticed a typo on slide 5 of the presentation, can you fix it? Code: 8113"
ham,Warning: Thanks for the update. I'll review it and get back to you shortly.
ham,"Hey, Can you please send me the report by the end of the day? Thanks. Click details."
spam,"Dear, Your bank account has been locked due to suspicious login. Verify identity here: http://secure-bank-login.xyz Visit now."
ham,"Hello, Let's reschedule the coffee chat to Friday if that works better for you. Code: 3289"
ham,Hi! Just wanted to follow up on our discussion yesterday. Let me know when you're free. Visit now.
ham,"Dear, I'll be home in about 20 minutes. Please make sure the oven is preheated. Click details."
ham,"Hello, Hi, I noticed a typo on slide 5 of the presentation, can you fix it? Visit now."
spam,Your package could not be delivered due to an incomplete address. Update here: http://post-office-redelivery.info Visit now.
ham,"Warning: Hi team, here is the agenda for tomorrow's weekly sync meeting. Visit now."
ham,Warning: Thanks for the update. I'll review it and get back to you shortly. Click details.
spam,Your bank account has been locked due to suspicious login. Verify identity here: http://secure-bank-login.xyz Click details.
ham,"Urgent: Hi, I noticed a typo on slide 5 of the presentation, can you fix it? Visit now."
spam,Warning: URGENT: Standard Chartered Alert! Unusual activity detected. Verify your details now: http://sc-safe.com
ham,"Hey, Can you pick up some milk and eggs on your way back from work? Code: 9278"
ham,Urgent: Can you please send me the report by the end of the day? Thanks.
spam,Dating Alert: 1 new message from Sarah! She is nearby. View her profile here: http://sarah-chat.xyz Reply ASAP.
ham,Hi! Your dentist appointment is confirmed for Tuesday at 10:00 AM. Click details.
ham,Can you please send me the report by the end of the day? Thanks. Reply ASAP.
spam,"Dear, Loan approved! Get up to $5000 in your bank account today. No credit check! Click http://cash-advance.bid Reply ASAP."
ham,Hi! Please find attached the receipt for your recent purchase at the grocery store. Thank you.
ham,"Hello, Your subscription payment was processed successfully. Thank you for your business. Thank you."
ham,Hi! Hey! Don't forget we have band practice tonight at 7.
ham,"Hi! The weather is lovely today, we should go for a walk in the evening."
spam,FREE ENTRY! Text WIN to 80090 to enter our weekly cash draw and win £5000! T&C apply. Visit now.
ham,"Hey, Yes, I can help you move your couch this weekend. Just let me know the time. Reply ASAP."
spam,"Dear, Dating Alert: 1 new message from Sarah! She is nearby. View her profile here: http://sarah-chat.xyz"
ham,"Dear, Your dentist appointment is confirmed for Tuesday at 10:00 AM. Thank you."
spam,"Hello, Dating Alert: 1 new message from Sarah! She is nearby. View her profile here: http://sarah-chat.xyz Reply ASAP."
ham,Hi! Please find attached the receipt for your recent purchase at the grocery store. Click details.
spam,FREE ENTRY! Text WIN to 80090 to enter our weekly cash draw and win £5000! T&C apply. Thank you.
ham,"Hi! Yes, I can help you move your couch this weekend. Just let me know the time. Code: 3020"
ham,"Hello, The meeting has been moved to room 302 due to technical issues in the main hall."
spam,URGENT: Standard Chartered Alert! Unusual activity detected. Verify your details now: http://sc-safe.com Thank you.
ham,"Hello, Just wanted to follow up on our discussion yesterday. Let me know when you're free. Code: 9980"
ham,"Hey, I'll be home in about 20 minutes. Please make sure the oven is preheated. Click details."
ham,Urgent: Your subscription payment was processed successfully. Thank you for your business.
spam,"Dear, URGENT: Your mobile account has outstanding charges. Pay now to avoid suspension: http://pay-fees.top Reply ASAP."
ham,The meeting has been moved to room 302 due to technical issues in the main hall. Code: 6637
ham,Warning: Thanks for the update. I'll review it and get back to you shortly. Visit now.
spam,"Dear, URGENT: Your mobile account has outstanding charges. Pay now to avoid suspension: http://pay-fees.top Visit now."
ham,"Yes, I can help you move your couch this weekend. Just let me know the time. Thank you."
ham,Hi! Your dentist appointment is confirmed for Tuesday at 10:00 AM. Visit now.
ham,"Hi! The weather is lovely today, we should go for a walk in the evening. Reply ASAP."
ham,"Warning: Hey buddy, happy birthday! Hope you have an amazing day! Reply ASAP."
ham,"Dear, Hi, I noticed a typo on slide 5 of the presentation, can you fix it? Visit now."
ham,"Dear, Your dentist appointment is confirmed for Tuesday at 10:00 AM. Reply ASAP."
ham,"Hey, Your dentist appointment is confirmed for Tuesday at 10:00 AM. Visit now."
spam,Urgent: CONGRATULATIONS! You have won a free $1000 Walmart gift card! Claim your prize now at http://win-walmart.xyz
ham,Hi! Let's reschedule the coffee chat to Friday if that works better for you. Code: 7183
ham,"Hey, Your subscription payment was processed successfully. Thank you for your business. Click details."
spam,Warning: URGENT: Your mobile account has outstanding charges. Pay now to avoid suspension: http://pay-fees.top Click details.
spam,"Dear, URGENT: Your mobile account has outstanding charges. Pay now to avoid suspension: http://pay-fees.top"
ham,Urgent: Just wanted to follow up on our discussion yesterday. Let me know when you're free. Visit now.
ham,"Warning: Hi Mom, just calling to say I love you and check how you are doing. Code: 2894"
spam,Hi! CONGRATULATIONS! You have won a free $1000 Walmart gift card! Claim your prize now at http://win-walmart.xyz Thank you.
ham,"Urgent: Hi, I noticed a typo on slide 5 of the presentation, can you fix it? Visit now."
spam,"Hey, CONGRATULATIONS! You have won a free $1000 Walmart gift card! Claim your prize now at http://win-walmart.xyz Thank you."
spam,Hi! CONGRATULATIONS! You have won a free $1000 Walmart gift card! Claim your prize now at http://win-walmart.xyz Reply ASAP.
spam,"Hey, URGENT: Standard Chartered Alert! Unusual activity detected. Verify your details now: http://sc-safe.com Click details."
ham,"Hey, The weather is lovely today, we should go for a walk in the evening. Visit now."
spam,URGENT: Standard Chartered Alert! Unusual activity detected. Verify your details now: http://sc-safe.com Visit now.
spam,Hi! Dating Alert: 1 new message from Sarah! She is nearby. View her profile here: http://sarah-chat.xyz Code: 1552
ham,"Dear, Hey, are we still meeting for lunch today at 12:30? Reply ASAP."
spam,"Hello, FREE ENTRY! Text WIN to 80090 to enter our weekly cash draw and win £5000! T&C apply. Code: 6218"
ham,"Urgent: Hi, I noticed a typo on slide 5 of the presentation, can you fix it? Code: 1386"
spam,"Dear, Private Msg: We are trying to contact you regarding your unclaimed PPI compensation of £3000. Reply CLAIM. Click details."
spam,Hi! Your bank account has been locked due to suspicious login. Verify identity here: http://secure-bank-login.xyz Click details.
spam,Hi! You have been selected for a work from home job! Earn $500/day. Apply now at http://job-offers.club Code: 1116
spam,"Hey, Your bank account has been locked due to suspicious login. Verify identity here: http://secure-bank-login.xyz Thank you."
ham,Can you pick up some milk and eggs on your way back from work? Reply ASAP.
ham,Warning: Can you please send me the report by the end of the day? Thanks. Code: 7078
spam,Urgent: Your package could not be delivered due to an incomplete address. Update here: http://post-office-redelivery.info Code: 2529
ham,I'll be home in about 20 minutes. Please make sure the oven is preheated. Click details.
ham,Warning: Please find attached the receipt for your recent purchase at the grocery store.
ham,"Yes, I can help you move your couch this weekend. Just let me know the time. Code: 4935"
ham,"Dear, I'll be home in about 20 minutes. Please make sure the oven is preheated. Click details."
spam,"Hey, FREE ENTRY! Text WIN to 80090 to enter our weekly cash draw and win £5000! T&C apply. Visit now."
spam,Warning: Your bank account has been locked due to suspicious login. Verify identity here: http://secure-bank-login.xyz
spam,URGENT: Your mobile account has outstanding charges. Pay now to avoid suspension: http://pay-fees.top Code: 5736
ham,Warning: Can you pick up some milk and eggs on your way back from work? Thank you.
ham,Urgent: Can you pick up some milk and eggs on your way back from work? Code: 6318
ham,"Hello, The meeting has been moved to room 302 due to technical issues in the main hall. Reply ASAP."
spam,Warning: You have been selected for a work from home job! Earn $500/day. Apply now at http://job-offers.club Thank you.
spam,"Hello, URGENT: Standard Chartered Alert! Unusual activity detected. Verify your details now: http://sc-safe.com Code: 6075"
ham,"Dear, Are you free for a quick call to review the design designs? Code: 2774"
ham,"Dear, Hi, I noticed a typo on slide 5 of the presentation, can you fix it? Code: 1875"
ham,Warning: Thanks for the update. I'll review it and get back to you shortly. Thank you.
spam,"Dear, Dating Alert: 1 new message from Sarah! She is nearby. View her profile here: http://sarah-chat.xyz Visit now."
spam,Urgent: URGENT: Your mobile account has outstanding charges. Pay now to avoid suspension: http://pay-fees.top
spam,Hi! You have been selected for a work from home job! Earn $500/day. Apply now at http://job-offers.club
spam,"Dear, URGENT: Standard Chartered Alert! Unusual activity detected. Verify your details now: http://sc-safe.com"
ham,"Hey, The meeting has been moved to room 302 due to technical issues in the main hall. Reply ASAP."
ham,"Dear, Are you free for a quick call to review the design designs? Thank you."
ham,"Hey, Your subscription payment was processed successfully. Thank you for your business. Click details."
ham,"Yes, I can help you move your couch this weekend. Just let me know the time. Reply ASAP."
ham,"Hey, Please find attached the receipt for your recent purchase at the grocery store. Reply ASAP."
spam,Private Msg: We are trying to contact you regarding your unclaimed PPI compensation of £3000. Reply CLAIM. Code: 8437
spam,FREE ENTRY! Text WIN to 80090 to enter our weekly cash draw and win £5000! T&C apply. Reply ASAP.
spam,Warning: URGENT: Your mobile account has outstanding charges. Pay now to avoid suspension: http://pay-fees.top Thank you.
spam,Warning: CONGRATULATIONS! You have won a free $1000 Walmart gift card! Claim your prize now at http://win-walmart.xyz Thank you.
ham,"Hi! Hi team, here is the agenda for tomorrow's weekly sync meeting."
spam,Hi! Loan approved! Get up to $5000 in your bank account today. No credit check! Click http://cash-advance.bid Click details.
spam,URGENT: Standard Chartered Alert! Unusual activity detected. Verify your details now: http://sc-safe.com Thank you.
spam,URGENT: Your mobile account has outstanding charges. Pay now to avoid suspension: http://pay-fees.top Click details.
ham,Urgent: Are you free for a quick call to review the design designs? Reply ASAP.
spam,Urgent: You have been selected for a work from home job! Earn $500/day. Apply now at http://job-offers.club Code: 4012
ham,"Hello, Can you please send me the report by the end of the day? Thanks. Thank you."
ham,"Dear, Are you free for a quick call to review the design designs? Reply ASAP."
spam,Hi! URGENT: Your mobile account has outstanding charges. Pay now to avoid suspension: http://pay-fees.top Reply ASAP.
ham,"Hey, Are you free for a quick call to review the design designs? Visit now."
ham,Your package has been delivered to your front porch. Have a great day! Reply ASAP.
ham,"Hello, Just wanted to follow up on our discussion yesterday. Let me know when you're free. Reply ASAP."
ham,Warning: Can you pick up some milk and eggs on your way back from work?
spam,"Dear, Your package could not be delivered due to an incomplete address. Update here: http://post-office-redelivery.info Click details."
spam,Hi! You have been selected for a work from home job! Earn $500/day. Apply now at http://job-offers.club Visit now.
ham,Urgent: Can you pick up some milk and eggs on your way back from work? Click details.
ham,"Hi! Hey, are we still meeting for lunch today at 12:30?"
ham,"Urgent: Hey, are we still meeting for lunch today at 12:30? Code: 7010"
spam,Dating Alert: 1 new message from Sarah! She is nearby. View her profile here: http://sarah-chat.xyz Thank you.
ham,"Dear, I'll be home in about 20 minutes. Please make sure the oven is preheated. Code: 5634"
spam,"Hey, Private Msg: We are trying to contact you regarding your unclaimed PPI compensation of £3000. Reply CLAIM."
ham,"Hello, Hi, I noticed a typo on slide 5 of the presentation, can you fix it? Reply ASAP."
ham,"Dear, Hey! Don't forget we have band practice tonight at 7. Visit now."
ham,Can you please send me the report by the end of the day? Thanks. Visit now.
ham,"Dear, Are you free for a quick call to review the design designs? Reply ASAP."
ham,"Dear, Hi, I noticed a typo on slide 5 of the presentation, can you fix it? Visit now."
ham,Urgent: I'll be home in about 20 minutes. Please make sure the oven is preheated. Click details.
spam,URGENT: Standard Chartered Alert! Unusual activity detected. Verify your details now: http://sc-safe.com Thank you.
ham,"Urgent: Hi team, here is the agenda for tomorrow's weekly sync meeting. Thank you."
ham,"Hey, Hey, are we still meeting for lunch today at 12:30?"
ham,"Hello, Your subscription payment was processed successfully. Thank you for your business."
spam,Warning: Loan approved! Get up to $5000 in your bank account today. No credit check! Click http://cash-advance.bid
ham,Urgent: The meeting has been moved to room 302 due to technical issues in the main hall. Thank you.
ham,Urgent: Your package has been delivered to your front porch. Have a great day! Thank you.
ham,"Warning: Hey buddy, happy birthday! Hope you have an amazing day! Thank you."
spam,"Hello, URGENT: Your mobile account has outstanding charges. Pay now to avoid suspension: http://pay-fees.top Reply ASAP."
ham,Hi! The meeting has been moved to room 302 due to technical issues in the main hall.
ham,"Urgent: Yes, I can help you move your couch this weekend. Just let me know the time. Thank you."
ham,I'll be home in about 20 minutes. Please make sure the oven is preheated. Click details.
spam,Urgent: Private Msg: We are trying to contact you regarding your unclaimed PPI compensation of £3000. Reply CLAIM.
ham,Your subscription payment was processed successfully. Thank you for your business. Click details.
spam,"Hey, Loan approved! Get up to $5000 in your bank account today. No credit check! Click http://cash-advance.bid Reply ASAP."
spam,Urgent: URGENT: Standard Chartered Alert! Unusual activity detected. Verify your details now: http://sc-safe.com Thank you.
spam,Hi! FREE ENTRY! Text WIN to 80090 to enter our weekly cash draw and win £5000! T&C apply. Click details.
ham,"Hi! Yes, I can help you move your couch this weekend. Just let me know the time. Click details."
ham,"Warning: Hi Mom, just calling to say I love you and check how you are doing. Reply ASAP."
spam,"Hello, CONGRATULATIONS! You have won a free $1000 Walmart gift card! Claim your prize now at http://win-walmart.xyz Visit now."
ham,"Hey, Can you pick up some milk and eggs on your way back from work? Code: 9502"
spam,Urgent: URGENT: Your mobile account has outstanding charges. Pay now to avoid suspension: http://pay-fees.top Code: 9117
spam,"Hey, URGENT: Your mobile account has outstanding charges. Pay now to avoid suspension: http://pay-fees.top Thank you."
spam,"Dear, URGENT: Your mobile account has outstanding charges. Pay now to avoid suspension: http://pay-fees.top Code: 6630"
ham,Warning: I'll be home in about 20 minutes. Please make sure the oven is preheated. Thank you.
spam,Dating Alert: 1 new message from Sarah! She is nearby. View her profile here: http://sarah-chat.xyz Visit now.
spam,"Hello, Dating Alert: 1 new message from Sarah! She is nearby. View her profile here: http://sarah-chat.xyz Click details."
spam,Urgent: Loan approved! Get up to $5000 in your bank account today. No credit check! Click http://cash-advance.bid Code: 6980
ham,"Hey, Thanks for the update. I'll review it and get back to you shortly. Code: 8825"
spam,You have been selected for a work from home job! Earn $500/day. Apply now at http://job-offers.club
spam,Urgent: URGENT: Standard Chartered Alert! Unusual activity detected. Verify your details now: http://sc-safe.com Code: 6070
ham,"Hey, The weather is lovely today, we should go for a walk in the evening."
spam,"Hello, Your package could not be delivered due to an incomplete address. Update here: http://post-office-redelivery.info Thank you."
spam,"Hey, URGENT: Standard Chartered Alert! Unusual activity detected. Verify your details now: http://sc-safe.com Reply ASAP."
spam,"Dear, FREE ENTRY! Text WIN to 80090 to enter our weekly cash draw and win £5000! T&C apply. Reply ASAP."
ham,"Hi! Yes, I can help you move your couch this weekend. Just let me know the time. Reply ASAP."
spam,"Hello, URGENT: Standard Chartered Alert! Unusual activity detected. Verify your details now: http://sc-safe.com Thank you."
spam,Urgent: Loan approved! Get up to $5000 in your bank account today. No credit check! Click http://cash-advance.bid Thank you.
ham,"Urgent: Hi team, here is the agenda for tomorrow's weekly sync meeting."
ham,"Hi! Hey, are we still meeting for lunch today at 12:30? Visit now."
ham,Hi! Can you pick up some milk and eggs on your way back from work?
ham,"Urgent: Hey buddy, happy birthday! Hope you have an amazing day! Reply ASAP."
spam,Hi! CONGRATULATIONS! You have won a free $1000 Walmart gift card! Claim your prize now at http://win-walmart.xyz Visit now.
ham,"Hey, Hey, are we still meeting for lunch today at 12:30? Thank you."
spam,"Dear, URGENT: Standard Chartered Alert! Unusual activity detected. Verify your details now: http://sc-safe.com Thank you."
ham,"Dear, The meeting has been moved to room 302 due to technical issues in the main hall. Thank you."
ham,"Hello, Your subscription payment was processed successfully. Thank you for your business. Thank you."
spam,"Dear, Private Msg: We are trying to contact you regarding your unclaimed PPI compensation of £3000. Reply CLAIM."
spam,Urgent: Dating Alert: 1 new message from Sarah! She is nearby. View her profile here: http://sarah-chat.xyz Code: 3245
ham,"Hey, Your package has been delivered to your front porch. Have a great day! Visit now."
spam,Urgent: URGENT: Standard Chartered Alert! Unusual activity detected. Verify your details now: http://sc-safe.com Visit now.
spam,Hi! Loan approved! Get up to $5000 in your bank account today. No credit check! Click http://cash-advance.bid Reply ASAP.
ham,"Dear, Let's reschedule the coffee chat to Friday if that works better for you. Reply ASAP."
ham,"Warning: Hi, I noticed a typo on slide 5 of the presentation, can you fix it? Visit now."
ham,"The weather is lovely today, we should go for a walk in the evening. Click details."
spam,"Dear, Your package could not be delivered due to an incomplete address. Update here: http://post-office-redelivery.info Reply ASAP."
spam,"Hello, URGENT: Your mobile account has outstanding charges. Pay now to avoid suspension: http://pay-fees.top Code: 5833"
spam,"Hey, Dating Alert: 1 new message from Sarah! She is nearby. View her profile here: http://sarah-chat.xyz Code: 5433"
spam,"Hello, Loan approved! Get up to $5000 in your bank account today. No credit check! Click http://cash-advance.bid Reply ASAP."
ham,"Hey, Hey buddy, happy birthday! Hope you have an amazing day! Code: 2896"
spam,URGENT: Your mobile account has outstanding charges. Pay now to avoid suspension: http://pay-fees.top
spam,Warning: URGENT: Your mobile account has outstanding charges. Pay now to avoid suspension: http://pay-fees.top Click details.
ham,Can you pick up some milk and eggs on your way back from work? Click details.
spam,Hi! Dating Alert: 1 new message from Sarah! She is nearby. View her profile here: http://sarah-chat.xyz Thank you.
ham,"Warning: The weather is lovely today, we should go for a walk in the evening. Thank you."
spam,"Dear, URGENT: Your mobile account has outstanding charges. Pay now to avoid suspension: http://pay-fees.top"
spam,"Dear, Private Msg: We are trying to contact you regarding your unclaimed PPI compensation of £3000. Reply CLAIM."
spam,Urgent: CONGRATULATIONS! You have won a free $1000 Walmart gift card! Claim your prize now at http://win-walmart.xyz
spam,"Dear, Your package could not be delivered due to an incomplete address. Update here: http://post-office-redelivery.info Click details."
ham,"Dear, Hey! Don't forget we have band practice tonight at 7."
ham,"Hey, Hey buddy, happy birthday! Hope you have an amazing day! Thank you."
spam,Your bank account has been locked due to suspicious login. Verify identity here: http://secure-bank-login.xyz Click details.
spam,Hi! Private Msg: We are trying to contact you regarding your unclaimed PPI compensation of £3000. Reply CLAIM.
ham,Hi! Can you pick up some milk and eggs on your way back from work? Code: 1190
ham,Please find attached the receipt for your recent purchase at the grocery store. Reply ASAP.
ham,Warning: Let's reschedule the coffee chat to Friday if that works better for you. Click details.
spam,"Dear, Dating Alert: 1 new message from Sarah! She is nearby. View her profile here: http://sarah-chat.xyz Click details."
ham,Can you please send me the report by the end of the day? Thanks. Reply ASAP.
ham,Urgent: Please find attached the receipt for your recent purchase at the grocery store. Click details.
ham,"Dear, Hi team, here is the agenda for tomorrow's weekly sync meeting. Reply ASAP."
spam,"Dear, You have been selected for a work from home job! Earn $500/day. Apply now at http://job-offers.club"
spam,"Dear, FREE ENTRY! Text WIN to 80090 to enter our weekly cash draw and win £5000! T&C apply. Code: 4138"
ham,"Dear, Hey! Don't forget we have band practice tonight at 7. Thank you."
spam,Urgent: FREE ENTRY! Text WIN to 80090 to enter our weekly cash draw and win £5000! T&C apply. Click details.
spam,Hi! CONGRATULATIONS! You have won a free $1000 Walmart gift card! Claim your prize now at http://win-walmart.xyz Reply ASAP.
spam,CONGRATULATIONS! You have won a free $1000 Walmart gift card! Claim your prize now at http://win-walmart.xyz Reply ASAP.
ham,"Warning: Hi Mom, just calling to say I love you and check how you are doing. Click details."
ham,"Urgent: Hey buddy, happy birthday! Hope you have an amazing day! Click details."
ham,"Hey, Hey, are we still meeting for lunch today at 12:30? Click details."
spam,URGENT: Standard Chartered Alert! Unusual activity detected. Verify your details now: http://sc-safe.com Click details.
spam,Urgent: Dating Alert: 1 new message from Sarah! She is nearby. View her profile here: http://sarah-chat.xyz Visit now.
spam,"Hey, Private Msg: We are trying to contact you regarding your unclaimed PPI compensation of £3000. Reply CLAIM. Visit now."
ham,Urgent: Just wanted to follow up on our discussion yesterday. Let me know when you're free. Click details.
spam,"Hello, URGENT: Standard Chartered Alert! Unusual activity detected. Verify your details now: http://sc-safe.com Thank you."
spam,Warning: FREE ENTRY! Text WIN to 80090 to enter our weekly cash draw and win £5000! T&C apply.
ham,"Dear, Your package has been delivered to your front porch. Have a great day! Code: 5462"
spam,Warning: Private Msg: We are trying to contact you regarding your unclaimed PPI compensation of £3000. Reply CLAIM. Code: 6122
ham,"Dear, Hey buddy, happy birthday! Hope you have an amazing day! Reply ASAP."
ham,"Warning: Yes, I can help you move your couch this weekend. Just let me know the time. Visit now."
ham,"Hey, Can you pick up some milk and eggs on your way back from work?"
spam,URGENT: Standard Chartered Alert! Unusual activity detected. Verify your details now: http://sc-safe.com Code: 8910
spam,Hi! Private Msg: We are trying to contact you regarding your unclaimed PPI compensation of £3000. Reply CLAIM. Visit now.
spam,"Hey, Dating Alert: 1 new message from Sarah! She is nearby. View her profile here: http://sarah-chat.xyz Thank you."
ham,Hi! Your dentist appointment is confirmed for Tuesday at 10:00 AM. Click details.
spam,Warning: URGENT: Your mobile account has outstanding charges. Pay now to avoid suspension: http://pay-fees.top Visit now.
ham,Just wanted to follow up on our discussion yesterday. Let me know when you're free. Reply ASAP.
ham,"Hi! Hi, I noticed a typo on slide 5 of the presentation, can you fix it? Code: 7123"
ham,Warning: I'll be home in about 20 minutes. Please make sure the oven is preheated. Thank you.
spam,Your bank account has been locked due to suspicious login. Verify identity here: http://secure-bank-login.xyz Click details.
ham,"Hello, Hi, I noticed a typo on slide 5 of the presentation, can you fix it?"
spam,CONGRATULATIONS! You have won a free $1000 Walmart gift card! Claim your prize now at http://win-walmart.xyz Thank you.
spam,"Hello, URGENT: Your mobile account has outstanding charges. Pay now to avoid suspension: http://pay-fees.top Code: 5587"
spam,Warning: Private Msg: We are trying to contact you regarding your unclaimed PPI compensation of £3000. Reply CLAIM. Visit now.
ham,"Dear, Yes, I can help you move your couch this weekend. Just let me know the time. Reply ASAP."
spam,"Dear, Your bank account has been locked due to suspicious login. Verify identity here: http://secure-bank-login.xyz Thank you."
ham,"Hey, Thanks for the update. I'll review it and get back to you shortly. Click details."
spam,Urgent: Your package could not be delivered due to an incomplete address. Update here: http://post-office-redelivery.info Visit now.
spam,"Dear, Dating Alert: 1 new message from Sarah! She is nearby. View her profile here: http://sarah-chat.xyz Code: 7909"
spam,Hi! URGENT: Standard Chartered Alert! Unusual activity detected. Verify your details now: http://sc-safe.com Visit now.
ham,Warning: Please find attached the receipt for your recent purchase at the grocery store.
ham,"Hey, The meeting has been moved to room 302 due to technical issues in the main hall. Click details."
ham,"Hey, Let's reschedule the coffee chat to Friday if that works better for you. Thank you."
spam,URGENT: Your mobile account has outstanding charges. Pay now to avoid suspension: http://pay-fees.top Visit now.
ham,"Hi! The weather is lovely today, we should go for a walk in the evening."
spam,Urgent: Loan approved! Get up to $5000 in your bank account today. No credit check! Click http://cash-advance.bid Visit now.
ham,Your package has been delivered to your front porch. Have a great day! Visit now.
spam,Warning: URGENT: Your mobile account has outstanding charges. Pay now to avoid suspension: http://pay-fees.top Reply ASAP.
ham,"Urgent: Yes, I can help you move your couch this weekend. Just let me know the time."
spam,URGENT: Standard Chartered Alert! Unusual activity detected. Verify your details now: http://sc-safe.com Code: 1715
spam,Urgent: Your package could not be delivered due to an incomplete address. Update here: http://post-office-redelivery.info Thank you.
ham,Urgent: Can you pick up some milk and eggs on your way back from work? Reply ASAP.
spam,"Hello, FREE ENTRY! Text WIN to 80090 to enter our weekly cash draw and win £5000! T&C apply. Reply ASAP."
ham,Urgent: Just wanted to follow up on our discussion yesterday. Let me know when you're free. Thank you.
spam,"Hey, URGENT: Your mobile account has outstanding charges. Pay now to avoid suspension: http://pay-fees.top Reply ASAP."
ham,Urgent: Hey! Don't forget we have band practice tonight at 7. Reply ASAP.
spam,Warning: Loan approved! Get up to $5000 in your bank account today. No credit check! Click http://cash-advance.bid Code: 9591
spam,Hi! Private Msg: We are trying to contact you regarding your unclaimed PPI compensation of £3000. Reply CLAIM. Click details.
spam,"Hey, Loan approved! Get up to $5000 in your bank account today. No credit check! Click http://cash-advance.bid Reply ASAP."
ham,"Dear, Hi Mom, just calling to say I love you and check how you are doing. Click details."
ham,Hi! Please find attached the receipt for your recent purchase at the grocery store. Visit now.
spam,Private Msg: We are trying to contact you regarding your unclaimed PPI compensation of £3000. Reply CLAIM. Click details.
ham,Urgent: Just wanted to follow up on our discussion yesterday. Let me know when you're free. Thank you.
ham,"Dear, Yes, I can help you move your couch this weekend. Just let me know the time. Code: 1148"
ham,"Hey, The weather is lovely today, we should go for a walk in the evening. Visit now."
spam,Warning: Private Msg: We are trying to contact you regarding your unclaimed PPI compensation of £3000. Reply CLAIM.
ham,"Urgent: Hi, I noticed a typo on slide 5 of the presentation, can you fix it? Reply ASAP."
spam,"Dear, Private Msg: We are trying to contact you regarding your unclaimed PPI compensation of £3000. Reply CLAIM. Thank you."
ham,"Hello, Please find attached the receipt for your recent purchase at the grocery store. Visit now."
ham,"Hey, Just wanted to follow up on our discussion yesterday. Let me know when you're free. Reply ASAP."
ham,"Dear, Hi team, here is the agenda for tomorrow's weekly sync meeting. Reply ASAP."
spam,Warning: URGENT: Standard Chartered Alert! Unusual activity detected. Verify your details now: http://sc-safe.com Thank you.
spam,Your package could not be delivered due to an incomplete address. Update here: http://post-office-redelivery.info Visit now.
ham,"Hi! Hey buddy, happy birthday! Hope you have an amazing day! Reply ASAP."
spam,Your package could not be delivered due to an incomplete address. Update here: http://post-office-redelivery.info
spam,Warning: Your package could not be delivered due to an incomplete address. Update here: http://post-office-redelivery.info Reply ASAP.
spam,"Dear, URGENT: Standard Chartered Alert! Unusual activity detected. Verify your details now: http://sc-safe.com Thank you."
spam,Warning: Dating Alert: 1 new message from Sarah! She is nearby. View her profile here: http://sarah-chat.xyz Reply ASAP.
ham,"Hi, I noticed a typo on slide 5 of the presentation, can you fix it? Thank you."
spam,"Hey, Your bank account has been locked due to suspicious login. Verify identity here: http://secure-bank-login.xyz Thank you."
spam,"Dear, FREE ENTRY! Text WIN to 80090 to enter our weekly cash draw and win £5000! T&C apply."
spam,"Hello, URGENT: Standard Chartered Alert! Unusual activity detected. Verify your details now: http://sc-safe.com Thank you."
ham,"Hi, I noticed a typo on slide 5 of the presentation, can you fix it? Click details."
spam,"Dear, Loan approved! Get up to $5000 in your bank account today. No credit check! Click http://cash-advance.bid Visit now."
ham,"Hello, Can you please send me the report by the end of the day? Thanks. Code: 6033"
spam,"Dear, CONGRATULATIONS! You have won a free $1000 Walmart gift card! Claim your prize now at http://win-walmart.xyz Code: 5375"
ham,Urgent: Let's reschedule the coffee chat to Friday if that works better for you. Reply ASAP.
spam,Warning: Your package could not be delivered due to an incomplete address. Update here: http://post-office-redelivery.info Code: 8883
ham,Warning: Let's reschedule the coffee chat to Friday if that works better for you. Reply ASAP.
spam,Hi! Loan approved! Get up to $5000 in your bank account today. No credit check! Click http://cash-advance.bid Click details.
ham,"The weather is lovely today, we should go for a walk in the evening."
ham,"Hello, Hi Mom, just calling to say I love you and check how you are doing. Thank you."
spam,"Hello, FREE ENTRY! Text WIN to 80090 to enter our weekly cash draw and win £5000! T&C apply. Code: 5986"
spam,Urgent: Dating Alert: 1 new message from Sarah! She is nearby. View her profile here: http://sarah-chat.xyz
ham,Warning: The meeting has been moved to room 302 due to technical issues in the main hall.
ham,"Hey, Yes, I can help you move your couch this weekend. Just let me know the time. Code: 3687"
spam,"Hello, CONGRATULATIONS! You have won a free $1000 Walmart gift card! Claim your prize now at http://win-walmart.xyz"
ham,Let's reschedule the coffee chat to Friday if that works better for you. Click details.
ham,"Dear, Yes, I can help you move your couch this weekend. Just let me know the time. Visit now."
spam,"Hey, You have been selected for a work from home job! Earn $500/day. Apply now at http://job-offers.club"
spam,Warning: Your bank account has been locked due to suspicious login. Verify identity here: http://secure-bank-login.xyz
ham,"Dear, The weather is lovely today, we should go for a walk in the evening. Visit now."
spam,Urgent: URGENT: Your mobile account has outstanding charges. Pay now to avoid suspension: http://pay-fees.top Code: 9692
spam,"Dear, Your package could not be delivered due to an incomplete address. Update here: http://post-office-redelivery.info Thank you."
spam,"Hey, URGENT: Your mobile account has outstanding charges. Pay now to avoid suspension: http://pay-fees.top Visit now."
ham,"Hey, The weather is lovely today, we should go for a walk in the evening. Code: 8611"
ham,"Hello, Can you please send me the report by the end of the day? Thanks. Reply ASAP."
spam,"Hello, Your package could not be delivered due to an incomplete address. Update here: http://post-office-redelivery.info Reply ASAP."
spam,"Hello, Your bank account has been locked due to suspicious login. Verify identity here: http://secure-bank-login.xyz"
spam,"Hey, Dating Alert: 1 new message from Sarah! She is nearby. View her profile here: http://sarah-chat.xyz"
spam,Hi! Dating Alert: 1 new message from Sarah! She is nearby. View her profile here: http://sarah-chat.xyz Reply ASAP.
ham,Can you pick up some milk and eggs on your way back from work? Click details.
ham,"Hello, The weather is lovely today, we should go for a walk in the evening."
spam,"Hey, Your bank account has been locked due to suspicious login. Verify identity here: http://secure-bank-login.xyz Code: 6909"
spam,Urgent: You have been selected for a work from home job! Earn $500/day. Apply now at http://job-offers.club
ham,Can you pick up some milk and eggs on your way back from work?
spam,Warning: URGENT: Standard Chartered Alert! Unusual activity detected. Verify your details now: http://sc-safe.com Visit now.
ham,"Urgent: The weather is lovely today, we should go for a walk in the evening. Thank you."
spam,Warning: URGENT: Standard Chartered Alert! Unusual activity detected. Verify your details now: http://sc-safe.com Reply ASAP.
ham,Thanks for the update. I'll review it and get back to you shortly. Thank you.
spam,Urgent: Your package could not be delivered due to an incomplete address. Update here: http://post-office-redelivery.info
ham,Your dentist appointment is confirmed for Tuesday at 10:00 AM. Visit now.
spam,Warning: URGENT: Standard Chartered Alert! Unusual activity detected. Verify your details now: http://sc-safe.com Code: 6306
ham,Urgent: Can you please send me the report by the end of the day? Thanks. Click details.
ham,"Hey, Your package has been delivered to your front porch. Have a great day!"
spam,"Dear, Loan approved! Get up to $5000 in your bank account today. No credit check! Click http://cash-advance.bid Code: 5740"
ham,Warning: Thanks for the update. I'll review it and get back to you shortly. Visit now.
spam,"Hello, FREE ENTRY! Text WIN to 80090 to enter our weekly cash draw and win £5000! T&C apply. Click details."
ham,"Hello, Hi Mom, just calling to say I love you and check how you are doing. Visit now."
ham,"Dear, Can you please send me the report by the end of the day? Thanks. Visit now."
spam,Warning: CONGRATULATIONS! You have won a free $1000 Walmart gift card! Claim your prize now at http://win-walmart.xyz Click details.
ham,Hi! Thanks for the update. I'll review it and get back to you shortly. Reply ASAP.
ham,"Dear, Your dentist appointment is confirmed for Tuesday at 10:00 AM. Reply ASAP."
ham,"Hey, Your package has been delivered to your front porch. Have a great day! Code: 4101"
spam,"Hello, Your package could not be delivered due to an incomplete address. Update here: http://post-office-redelivery.info Code: 7508"
spam,Hi! Private Msg: We are trying to contact you regarding your unclaimed PPI compensation of £3000. Reply CLAIM.
ham,"Hey, Your dentist appointment is confirmed for Tuesday at 10:00 AM. Visit now."
ham,"Hello, Hi Mom, just calling to say I love you and check how you are doing. Thank you."
spam,URGENT: Standard Chartered Alert! Unusual activity detected. Verify your details now: http://sc-safe.com Click details.
spam,"Hello, You have been selected for a work from home job! Earn $500/day. Apply now at http://job-offers.club Visit now."
ham,Can you pick up some milk and eggs on your way back from work?
ham,Warning: Your package has been delivered to your front porch. Have a great day! Click details.
ham,Warning: Just wanted to follow up on our discussion yesterday. Let me know when you're free. Click details.
spam,"Hey, Your bank account has been locked due to suspicious login. Verify identity here: http://secure-bank-login.xyz Code: 6669"
spam,URGENT: Standard Chartered Alert! Unusual activity detected. Verify your details now: http://sc-safe.com Thank you.
ham,"Hey, Can you please send me the report by the end of the day? Thanks. Reply ASAP."
ham,Let's reschedule the coffee chat to Friday if that works better for you. Click details.
ham,"Hey, The weather is lovely today, we should go for a walk in the evening. Reply ASAP."
ham,"Hey, The meeting has been moved to room 302 due to technical issues in the main hall. Thank you."
spam,Loan approved! Get up to $5000 in your bank account today. No credit check! Click http://cash-advance.bid Thank you.
spam,Private Msg: We are trying to contact you regarding your unclaimed PPI compensation of £3000. Reply CLAIM. Thank you.
ham,"Warning: Hi team, here is the agenda for tomorrow's weekly sync meeting."
spam,"Hey, CONGRATULATIONS! You have won a free $1000 Walmart gift card! Claim your prize now at http://win-walmart.xyz"
spam,Hi! CONGRATULATIONS! You have won a free $1000 Walmart gift card! Claim your prize now at http://win-walmart.xyz
spam,Hi! Your bank account has been locked due to suspicious login. Verify identity here: http://secure-bank-login.xyz Thank you.
spam,"Dear, CONGRATULATIONS! You have won a free $1000 Walmart gift card! Claim your prize now at http://win-walmart.xyz Reply ASAP."
spam,"Dear, Loan approved! Get up to $5000 in your bank account today. No credit check! Click http://cash-advance.bid"
spam,"Hey, CONGRATULATIONS! You have won a free $1000 Walmart gift card! Claim your prize now at http://win-walmart.xyz"
spam,"Hello, URGENT: Standard Chartered Alert! Unusual activity detected. Verify your details now: http://sc-safe.com"
ham,"Dear, The meeting has been moved to room 302 due to technical issues in the main hall. Visit now."
spam,"Hey, URGENT: Standard Chartered Alert! Unusual activity detected. Verify your details now: http://sc-safe.com Reply ASAP."
spam,Warning: Your package could not be delivered due to an incomplete address. Update here: http://post-office-redelivery.info Code: 8354
ham,Can you please send me the report by the end of the day? Thanks. Thank you.
ham,"Hi! Hi, I noticed a typo on slide 5 of the presentation, can you fix it? Thank you."
spam,"Dear, Your bank account has been locked due to suspicious login. Verify identity here: http://secure-bank-login.xyz Reply ASAP."
ham,"Hello, Hi Mom, just calling to say I love you and check how you are doing. Visit now."
ham,"Hi Mom, just calling to say I love you and check how you are doing. Code: 9850"
spam,"Hey, Your bank account has been locked due to suspicious login. Verify identity here: http://secure-bank-login.xyz Thank you."
spam,Hi! URGENT: Standard Chartered Alert! Unusual activity detected. Verify your details now: http://sc-safe.com Reply ASAP.
ham,Your package has been delivered to your front porch. Have a great day! Reply ASAP.
spam,Warning: You have been selected for a work from home job! Earn $500/day. Apply now at http://job-offers.club Thank you.
ham,"Dear, Hey! Don't forget we have band practice tonight at 7."
spam,URGENT: Standard Chartered Alert! Unusual activity detected. Verify your details now: http://sc-safe.com Thank you.
ham,"Dear, Let's reschedule the coffee chat to Friday if that works better for you. Reply ASAP."
ham,"Dear, Hi, I noticed a typo on slide 5 of the presentation, can you fix it? Reply ASAP."
spam,Urgent: Loan approved! Get up to $5000 in your bank account today. No credit check! Click http://cash-advance.bid Code: 5091
ham,"Dear, Are you free for a quick call to review the design designs? Thank you."
spam,"Dear, URGENT: Standard Chartered Alert! Unusual activity detected. Verify your details now: http://sc-safe.com"
ham,Can you please send me the report by the end of the day? Thanks.
spam,"Hey, Private Msg: We are trying to contact you regarding your unclaimed PPI compensation of £3000. Reply CLAIM. Visit now."
ham,Urgent: Just wanted to follow up on our discussion yesterday. Let me know when you're free.
spam,Urgent: Your package could not be delivered due to an incomplete address. Update here: http://post-office-redelivery.info Click details.
spam,Hi! URGENT: Your mobile account has outstanding charges. Pay now to avoid suspension: http://pay-fees.top Visit now.
ham,"Warning: Yes, I can help you move your couch this weekend. Just let me know the time. Thank you."
ham,"Hello, Hey! Don't forget we have band practice tonight at 7. Code: 6158"
spam,Hi! FREE ENTRY! Text WIN to 80090 to enter our weekly cash draw and win £5000! T&C apply. Reply ASAP.
spam,Hi! Loan approved! Get up to $5000 in your bank account today. No credit check! Click http://cash-advance.bid Visit now.
spam,Your package could not be delivered due to an incomplete address. Update here: http://post-office-redelivery.info Reply ASAP.
spam,"Dear, Dating Alert: 1 new message from Sarah! She is nearby. View her profile here: http://sarah-chat.xyz"
ham,"Hello, Let's reschedule the coffee chat to Friday if that works better for you. Visit now."
spam,Warning: CONGRATULATIONS! You have won a free $1000 Walmart gift card! Claim your prize now at http://win-walmart.xyz
ham,"Dear, Are you free for a quick call to review the design designs? Thank you."
spam,Urgent: Your package could not be delivered due to an incomplete address. Update here: http://post-office-redelivery.info Reply ASAP.
spam,Hi! URGENT: Standard Chartered Alert! Unusual activity detected. Verify your details now: http://sc-safe.com Thank you.
spam,"Hello, Loan approved! Get up to $5000 in your bank account today. No credit check! Click http://cash-advance.bid Thank you."
ham,"Dear, The weather is lovely today, we should go for a walk in the evening."
ham,"Dear, Hi team, here is the agenda for tomorrow's weekly sync meeting. Reply ASAP."
ham,Warning: Just wanted to follow up on our discussion yesterday. Let me know when you're free. Code: 6302
spam,Warning: URGENT: Your mobile account has outstanding charges. Pay now to avoid suspension: http://pay-fees.top Visit now.
spam,Hi! Loan approved! Get up to $5000 in your bank account today. No credit check! Click http://cash-advance.bid Visit now.
ham,"Hello, Can you please send me the report by the end of the day? Thanks."
spam,"Dear, FREE ENTRY! Text WIN to 80090 to enter our weekly cash draw and win £5000! T&C apply. Code: 9595"
spam,You have been selected for a work from home job! Earn $500/day. Apply now at http://job-offers.club Click details.
ham,Hi! Your package has been delivered to your front porch. Have a great day! Visit now.
spam,Warning: CONGRATULATIONS! You have won a free $1000 Walmart gift card! Claim your prize now at http://win-walmart.xyz
spam,"Dear, FREE ENTRY! Text WIN to 80090 to enter our weekly cash draw and win £5000! T&C apply. Visit now."
ham,"Hey, Can you please send me the report by the end of the day? Thanks."
ham,"Hello, Hi team, here is the agenda for tomorrow's weekly sync meeting. Code: 7656"
spam,"Dear, Private Msg: We are trying to contact you regarding your unclaimed PPI compensation of £3000. Reply CLAIM. Code: 4278"
spam,"Hello, Your package could not be delivered due to an incomplete address. Update here: http://post-office-redelivery.info"
spam,"Hello, Your package could not be delivered due to an incomplete address. Update here: http://post-office-redelivery.info Visit now."
spam,"Hey, Loan approved! Get up to $5000 in your bank account today. No credit check! Click http://cash-advance.bid Code: 4801"
ham,"Urgent: Hi Mom, just calling to say I love you and check how you are doing. Visit now."
spam,"Dear, Dating Alert: 1 new message from Sarah! She is nearby. View her profile here: http://sarah-chat.xyz Click details."
spam,"Dear, URGENT: Standard Chartered Alert! Unusual activity detected. Verify your details now: http://sc-safe.com Thank you."
ham,"Hey, Hey buddy, happy birthday! Hope you have an amazing day! Code: 2878"
spam,"Hey, CONGRATULATIONS! You have won a free $1000 Walmart gift card! Claim your prize now at http://win-walmart.xyz Thank you."
ham,"Hello, Hi team, here is the agenda for tomorrow's weekly sync meeting. Click details."
ham,Just wanted to follow up on our discussion yesterday. Let me know when you're free. Visit now.
ham,Warning: Your dentist appointment is confirmed for Tuesday at 10:00 AM. Click details.
ham,"Hi! Hi Mom, just calling to say I love you and check how you are doing. Code: 6821"
spam,Urgent: CONGRATULATIONS! You have won a free $1000 Walmart gift card! Claim your prize now at http://win-walmart.xyz Code: 4059
ham,"Hi! Hey, are we still meeting for lunch today at 12:30? Visit now."
ham,"Hello, Hey! Don't forget we have band practice tonight at 7."
spam,Dating Alert: 1 new message from Sarah! She is nearby. View her profile here: http://sarah-chat.xyz Reply ASAP.
ham,"Hey, Please find attached the receipt for your recent purchase at the grocery store. Code: 6974"
spam,Urgent: Private Msg: We are trying to contact you regarding your unclaimed PPI compensation of £3000. Reply CLAIM. Visit now.
ham,Hi! Your package has been delivered to your front porch. Have a great day!
ham,"The weather is lovely today, we should go for a walk in the evening. Reply ASAP."
ham,"Dear, Can you pick up some milk and eggs on your way back from work? Reply ASAP."
ham,"Dear, Just wanted to follow up on our discussion yesterday. Let me know when you're free. Code: 9831"
ham,Warning: Your subscription payment was processed successfully. Thank you for your business. Reply ASAP.
ham,"Dear, Please find attached the receipt for your recent purchase at the grocery store. Click details."
spam,"Hey, URGENT: Standard Chartered Alert! Unusual activity detected. Verify your details now: http://sc-safe.com Code: 3750"
spam,Hi! Your package could not be delivered due to an incomplete address. Update here: http://post-office-redelivery.info Thank you.
ham,"Dear, Are you free for a quick call to review the design designs? Code: 8367"
spam,"Dear, URGENT: Standard Chartered Alert! Unusual activity detected. Verify your details now: http://sc-safe.com Visit now."
spam,"Hey, URGENT: Standard Chartered Alert! Unusual activity detected. Verify your details now: http://sc-safe.com Thank you."
ham,"Hi team, here is the agenda for tomorrow's weekly sync meeting."
ham,"Urgent: Hey buddy, happy birthday! Hope you have an amazing day!"
ham,"Warning: Hey buddy, happy birthday! Hope you have an amazing day! Code: 8543"
spam,"Hello, URGENT: Your mobile account has outstanding charges. Pay now to avoid suspension: http://pay-fees.top"
ham,"Warning: Hey buddy, happy birthday! Hope you have an amazing day! Code: 6949"
ham,Urgent: Can you pick up some milk and eggs on your way back from work?
ham,Hi! Please find attached the receipt for your recent purchase at the grocery store.
ham,"Hey, The meeting has been moved to room 302 due to technical issues in the main hall. Click details."
spam,Loan approved! Get up to $5000 in your bank account today. No credit check! Click http://cash-advance.bid Thank you.
spam,"Hello, URGENT: Standard Chartered Alert! Unusual activity detected. Verify your details now: http://sc-safe.com Code: 6381"
spam,Urgent: CONGRATULATIONS! You have won a free $1000 Walmart gift card! Claim your prize now at http://win-walmart.xyz Code: 7666
spam,Dating Alert: 1 new message from Sarah! She is nearby. View her profile here: http://sarah-chat.xyz Thank you.
spam,"Dear, Loan approved! Get up to $5000 in your bank account today. No credit check! Click http://cash-advance.bid"
ham,"Urgent: The weather is lovely today, we should go for a walk in the evening. Thank you."
spam,Private Msg: We are trying to contact you regarding your unclaimed PPI compensation of £3000. Reply CLAIM. Visit now.
spam,Hi! URGENT: Standard Chartered Alert! Unusual activity detected. Verify your details now: http://sc-safe.com Click details.
spam,"Dear, Your bank account has been locked due to suspicious login. Verify identity here: http://secure-bank-login.xyz"
spam,Your package could not be delivered due to an incomplete address. Update here: http://post-office-redelivery.info Click details.
spam,"Dear, Loan approved! Get up to $5000 in your bank account today. No credit check! Click http://cash-advance.bid Click details."
spam,Hi! Private Msg: We are trying to contact you regarding your unclaimed PPI compensation of £3000. Reply CLAIM.
spam,"Hey, Private Msg: We are trying to contact you regarding your unclaimed PPI compensation of £3000. Reply CLAIM. Visit now."
ham,"Hi Mom, just calling to say I love you and check how you are doing. Code: 5254"
spam,Urgent: Your package could not be delivered due to an incomplete address. Update here: http://post-office-redelivery.info Click details.
spam,Warning: Dating Alert: 1 new message from Sarah! She is nearby. View her profile here: http://sarah-chat.xyz Visit now.
spam,Warning: CONGRATULATIONS! You have won a free $1000 Walmart gift card! Claim your prize now at http://win-walmart.xyz Click details.
spam,Hi! Loan approved! Get up to $5000 in your bank account today. No credit check! Click http://cash-advance.bid Visit now.
ham,"Yes, I can help you move your couch this weekend. Just let me know the time. Thank you."
ham,Urgent: The meeting has been moved to room 302 due to technical issues in the main hall. Thank you.
ham,Warning: Just wanted to follow up on our discussion yesterday. Let me know when you're free.
spam,"Hey, You have been selected for a work from home job! Earn $500/day. Apply now at http://job-offers.club Thank you."
spam,"Hello, Loan approved! Get up to $5000 in your bank account today. No credit check! Click http://cash-advance.bid Thank you."
ham,"Hello, Hey, are we still meeting for lunch today at 12:30? Code: 5497"
spam,Warning: Private Msg: We are trying to contact you regarding your unclaimed PPI compensation of £3000. Reply CLAIM. Reply ASAP.
spam,Warning: Dating Alert: 1 new message from Sarah! She is nearby. View her profile here: http://sarah-chat.xyz Code: 4355
spam,"Hey, URGENT: Standard Chartered Alert! Unusual activity detected. Verify your details now: http://sc-safe.com Thank you."
spam,Hi! URGENT: Standard Chartered Alert! Unusual activity detected. Verify your details now: http://sc-safe.com Visit now.
spam,"Hey, FREE ENTRY! Text WIN to 80090 to enter our weekly cash draw and win £5000! T&C apply."
spam,Urgent: Private Msg: We are trying to contact you regarding your unclaimed PPI compensation of £3000. Reply CLAIM. Code: 1424
spam,Your package could not be delivered due to an incomplete address. Update here: http://post-office-redelivery.info Click details.
spam,Hi! URGENT: Standard Chartered Alert! Unusual activity detected. Verify your details now: http://sc-safe.com Thank you.
spam,"Hello, URGENT: Your mobile account has outstanding charges. Pay now to avoid suspension: http://pay-fees.top Thank you."
spam,Warning: Private Msg: We are trying to contact you regarding your unclaimed PPI compensation of £3000. Reply CLAIM. Code: 7030
spam,"Hey, Your bank account has been locked due to suspicious login. Verify identity here: http://secure-bank-login.xyz Reply ASAP."
ham,"Hi! Hi team, here is the agenda for tomorrow's weekly sync meeting. Code: 8668"
spam,"Hello, Your bank account has been locked due to suspicious login. Verify identity here: http://secure-bank-login.xyz Code: 2380"
ham,"Dear, Your subscription payment was processed successfully. Thank you for your business. Code: 7367"
spam,"Hey, FREE ENTRY! Text WIN to 80090 to enter our weekly cash draw and win £5000! T&C apply. Click details."
ham,"Hello, Your dentist appointment is confirmed for Tuesday at 10:00 AM. Click details."
spam,"Hello, Your bank account has been locked due to suspicious login. Verify identity here: http://secure-bank-login.xyz Click details."
ham,"Hey, Can you pick up some milk and eggs on your way back from work? Visit now."
ham,Urgent: Your package has been delivered to your front porch. Have a great day! Click details.
ham,Hi! Your package has been delivered to your front porch. Have a great day! Code: 6777
ham,"Hello, Thanks for the update. I'll review it and get back to you shortly. Thank you."
ham,"Dear, Hey, are we still meeting for lunch today at 12:30? Click details."
spam,"Hello, URGENT: Standard Chartered Alert! Unusual activity detected. Verify your details now: http://sc-safe.com Code: 1575"
ham,"Hey, Yes, I can help you move your couch this weekend. Just let me know the time. Reply ASAP."
spam,Warning: FREE ENTRY! Text WIN to 80090 to enter our weekly cash draw and win £5000! T&C apply. Code: 7396
spam,"Hey, FREE ENTRY! Text WIN to 80090 to enter our weekly cash draw and win £5000! T&C apply. Thank you."
ham,"Urgent: Hi, I noticed a typo on slide 5 of the presentation, can you fix it?"
ham,Urgent: Thanks for the update. I'll review it and get back to you shortly.
ham,"Hi, I noticed a typo on slide 5 of the presentation, can you fix it? Click details."
spam,Warning: Your bank account has been locked due to suspicious login. Verify identity here: http://secure-bank-login.xyz Thank you.
spam,Urgent: You have been selected for a work from home job! Earn $500/day. Apply now at http://job-offers.club Code: 5984
ham,"Dear, Hi, I noticed a typo on slide 5 of the presentation, can you fix it?"
spam,"Hey, Private Msg: We are trying to contact you regarding your unclaimed PPI compensation of £3000. Reply CLAIM. Click details."
